source,target,weight
BEACH,BEACH,1.0
ASLEEP,BEACH,0.07833277337228872
BATH,BEACH,0.2216678582206364
BATHROOM,BEACH,0.024495022200491268
BEACH,RUN,0.5232054172803517
CUDDLE,RUN,0.3611993672363173
CHASE,RUN,0.5847661635027712
COLD,RUN,0.47411262349374717
LEG,RUN,0.8275803690443675
TROUSERS,RUN,0.8413990060575922
HURRY,RUN,0.7550322166308276
CHAIR,RUN,0.44138409430267744
ROCKING CHAIR,RUN,0.5166596498233156
RUN,RUN,1.0
OUTSIDE,RUN,0.337423128594014
NAP,RUN,0.31826275590489317
PYJAMAS,RUN,0.46632015322136255
KICK,RUN,0.9364025976646775
BICYCLE,RUN,0.7895789632109445
KNEE,RUN,0.7723055128973586
FAST,RUN,0.44138409430267744
BUMP,RUN,0.31826275590489317
PUSH,RUN,0.3431986607765234
FALL,RUN,0.39229145456312786
MOTORCYCLE,RUN,0.6143775505378322
DANCE,RUN,0.8742184230110561
JUMPER,RUN,0.4577483588982123
CAR,RUN,0.39229145456312786
BOOTS,RUN,0.658794862161006
JEANS,RUN,0.8668545116454183
ASLEEP,RUN,0.3557125192347004
HURT,RUN,0.31456131326962866
PLAY,RUN,0.39229145456312786
HOT,RUN,0.39229145456312786
JUMP,RUN,0.9674946849914883
DRIVE,RUN,0.703212019737125
RIDE,RUN,0.39229145456312786
OUCH,RUN,0.35956292537205825
GO,RUN,0.5788438244769372
BATH,RUN,0.5632978578370591
FOOT,RUN,0.8668545116454183
BED,RUN,0.4070972251041859
SOFA,RUN,0.5847661635027712
HORSE,RUN,0.29901519258269593
PARK,RUN,0.283469225942818
BRING,RUN,0.27774175644143906
BATHROOM,RUN,0.27774175644143906
CLEAN,RUN,0.27774175644143906
HOUSE,RUN,0.2590396737406614
ME,RUN,0.25410446824266053
BLANKET,RUN,0.23683117197612946
PERSON,RUN,0.22942828670560045
BUS,RUN,0.22128505128919662
BATH (FURNITURE),RUN,0.21228469805929984
POOL,RUN,0.19019296396238605
HER,RUN,0.1746469973225082
PARTY,RUN,0.17020520454136878
DIRTY,RUN,0.16319205831975014
BALL,RUN,0.14059381750630784
HELP,RUN,0.14059381750630784
GARDEN,RUN,0.13046352912868053
LIVING ROOM,RUN,0.1257880469652498
CHURCH,RUN,0.11409926453314578
IN,RUN,0.08137073534207617
BEDROOM,RUN,0.08137073534207617
OLD,RUN,0.06723799638389938
BREAK,RUN,0.06656496480101814
GARAGE,RUN,0.0640974390755451
PEOPLE,RUN,0.06308134470138982
RAIN,RUN,0.04864220615100645
BLOCK,RUN,0.039914670255346785
MY,RUN,0.0369535777659572
COT,RUN,0.029550692495428188
CARRY,RUN,0.022147807224899285
PUPPY,RUN,0.01918671473550959
GENTLE,RUN,0.01591383100699173
INSIDE,RUN,0.0036405940485768618
BEACH,WALK,0.5216646386371888
CUDDLE,WALK,0.3598932022577753
CHASE,WALK,0.5831361916148183
COLD,WALK,0.4726430145899507
LEG,WALK,0.8255987077300657
TROUSERS,WALK,0.839397318626153
HURRY,WALK,0.7531556154079713
CHAIR,WALK,0.4399619318917918
ROCKING CHAIR,WALK,0.5151284220975572
SHORTS,WALK,0.5216646386371888
RUN,WALK,0.9977684743626418
SWIM,WALK,0.7177511348261418
OUTSIDE,WALK,0.33615131610871596
NAP,WALK,0.31701882593653286
PYJAMAS,WALK,0.4648617897525742
TOE,WALK,0.7790281263734258
KICK,WALK,0.9342631921661528
BICYCLE,WALK,0.787652296695244
SNOW,WALK,0.3062664955511981
KNEE,WALK,0.7704039560516076
FAST,WALK,0.4399619318917918
BUMP,WALK,0.31701882593653286
TIRED,WALK,0.40728084919363294
PUSH,WALK,0.3419186837973154
FALL,WALK,0.3909403078445536
MOTORCYCLE,WALK,0.6127047535686154
SOCK,WALK,0.9653102977529311
DANCE,WALK,0.8721691350396508
JUMPER,WALK,0.45630247324087114
CAR,WALK,0.3909403078445536
BOOTS,WALK,0.6570576735228391
JEANS,WALK,0.8648160069678563
ASLEEP,WALK,0.35441436470301346
HURT,WALK,0.31332262090113516
WALK,WALK,1.0
PLAY,WALK,0.3909403078445536
HOT,WALK,0.3909403078445536
STAIRS,WALK,0.7177511348261418
JUMP,WALK,0.9653102977529311
DRIVE,WALK,0.7014105934770625
RIDE,WALK,0.3909403078445536
OUCH,WALK,0.35825922514639474
GO,WALK,0.5772224792240588
STOP,WALK,0.3318030298899042
BATH,WALK,0.5616988494071422
SHOES,WALK,0.7635046506035641
FOOT,WALK,0.8648160069678563
BED,WALK,0.4057245117979247
SOFA,WALK,0.5831361916148183
HORSE,WALK,0.29779914513127337
PARK,WALK,0.2822756693614118
BRING,WALK,0.2765565184009978
BATHROOM,WALK,0.2765565184009978
CLEAN,WALK,0.2765565184009978
TOWEL,WALK,0.27266590598230955
HOUSE,WALK,0.25788154798188345
ME,WALK,0.2529534286484081
UP,WALK,0.25122856377463354
BLANKET,WALK,0.23570508800477175
TICKLE,WALK,0.23570508800477175
PERSON,WALK,0.22831298602808614
BUS,WALK,0.22018161223491006
BATH (FURNITURE),WALK,0.21119435300468015
SUN,WALK,0.20831074618390777
POOL,WALK,0.1891345066481317
SOAP,WALK,0.1891345066481317
HER,WALK,0.17361103087827
PARTY,WALK,0.16917570807343663
DIRTY,WALK,0.16217272895744184
BALL,WALK,0.1396071461196393
HELP,WALK,0.1396071461196393
GARDEN,WALK,0.1294916462592831
SHOP,WALK,0.1294916462592831
LIVING ROOM,WALK,0.12482294216626821
CHURCH,WALK,0.11315110491020364
SCHOOL,WALK,0.09599349798190648
LORRY,WALK,0.0939687034922313
IN,WALK,0.08047002221204491
BEDROOM,WALK,0.08047002221204491
SPLASH,WALK,0.08047002221204491
OLD,WALK,0.0663577715121706
BREAK,WALK,0.0656856642116187
GARAGE,WALK,0.06322168156840857
PEOPLE,WALK,0.062206973617747297
WAIT,WALK,0.049422916625266544
RAIN,WALK,0.047788939513885964
BLOCK,WALK,0.03907388142967372
MY,WALK,0.03611710225782139
COT,WALK,0.028725000281135893
CARRY,WALK,0.021332744257395397
PUPPY,WALK,0.018375965085543067
GENTLE,WALK,0.015107856815727239
INSIDE,WALK,0.0028524893156813835
BEACH,JUMP,0.5007609154277046
CUDDLE,JUMP,0.3421733235790738
CHASE,JUMP,0.561022582836108
COLD,JUMP,0.45270408808533835
HURRY,JUMP,0.727695950549663
CHAIR,JUMP,0.4206661518414091
BICYCLE,JUMP,0.761513746465968
FAST,JUMP,0.4206661518414091
BUMP,JUMP,0.30014266297754777
FALL,JUMP,0.3726093244990428
DANCE,JUMP,0.8443671847115075
CAR,JUMP,0.3726093244990428
BOOTS,JUMP,0.633489244357603
JEANS,JUMP,0.837158706824269
ASLEEP,JUMP,0.3368023189627458
HURT,JUMP,0.29651932219912036
HOT,JUMP,0.3726093244990428
JUMP,JUMP,1.0
DRIVE,JUMP,0.6769691796516781
GO,JUMP,0.555225330018857
BATH,JUMP,0.5400073295588725
FOOT,JUMP,0.837158706824269
BED,JUMP,0.3871026876127528
SOFA,JUMP,0.561022582836108
HORSE,JUMP,0.2813013217391357
BRING,JUMP,0.26047662466881816
BATHROOM,JUMP,0.26047662466881816
CLEAN,JUMP,0.26047662466881816
HOUSE,JUMP,0.2421693645697628
BLANKET,JUMP,0.22042931989919778
BUS,JUMP,0.20521131943921334
BATH (FURNITURE),JUMP,0.19640090622801454
HER,JUMP,0.15955731805925977
DIRTY,JUMP,0.14834407888564816
BALL,JUMP,0.12622261370713772
HELP,JUMP,0.12622261370713772
GARDEN,JUMP,0.11630614264171901
CHURCH,JUMP,0.10028725154328189
IN,JUMP,0.06824931529935274
BEDROOM,JUMP,0.06824931529935274
BREAK,JUMP,0.053755952185642775
GARAGE,JUMP,0.05134049436472765
BLOCK,JUMP,0.027668083437430546
COT,JUMP,0.01752269844842269
CARRY,JUMP,0.010276016891567652
GENTLE,JUMP,0.004173596858549233
BEACH,SOCK,0.5007609154277046
CUDDLE,SOCK,0.3421733235790738
CHASE,SOCK,0.561022582836108
COLD,SOCK,0.45270408808533835
LEG,SOCK,0.7987131833315539
TROUSERS,SOCK,0.812240363316898
HURRY,SOCK,0.727695950549663
CHAIR,SOCK,0.4206661518414091
ROCKING CHAIR,SOCK,0.49435332817891897
SHORTS,SOCK,0.5007609154277046
RUN,SOCK,0.9674946849914883
OUTSIDE,SOCK,0.31889866214754226
NAP,SOCK,0.30014266297754777
PYJAMAS,SOCK,0.4450759860205379
KICK,SOCK,0.9052391865514458
BICYCLE,SOCK,0.761513746465968
SNOW,SOCK,0.28960199324565283
KNEE,SOCK,0.744604771484288
FAST,SOCK,0.4206661518414091
BUMP,SOCK,0.30014266297754777
PUSH,SOCK,0.32455249715667644
FALL,SOCK,0.3726093244990428
MOTORCYCLE,SOCK,0.5900093090635279
SOCK,SOCK,1.0
DANCE,SOCK,0.8443671847115075
JUMPER,SOCK,0.4366850429398462
CAR,SOCK,0.3726093244990428
BOOTS,SOCK,0.633489244357603
JEANS,SOCK,0.837158706824269
ASLEEP,SOCK,0.3368023189627458
HURT,SOCK,0.29651932219912036
PLAY,SOCK,0.3726093244990428
HOT,SOCK,0.3726093244990428
JUMP,SOCK,0.9356751874714146
DRIVE,SOCK,0.6769691796516781
RIDE,SOCK,0.3726093244990428
OUCH,SOCK,0.34057138825511357
GO,SOCK,0.555225330018857
BATH,SOCK,0.5400073295588725
SHOES,SOCK,0.7378411814916159
FOOT,SOCK,0.837158706824269
BED,SOCK,0.3871026876127528
SOFA,SOCK,0.561022582836108
HORSE,SOCK,0.2813013217391357
PARK,SOCK,0.26608332127915124
BRING,SOCK,0.26047662466881816
BATHROOM,SOCK,0.26047662466881816
CLEAN,SOCK,0.26047662466881816
HOUSE,SOCK,0.2421693645697628
ME,SOCK,0.23733814083382276
BLANKET,SOCK,0.22042931989919778
PERSON,SOCK,0.21318263834234275
BUS,SOCK,0.20521131943921334
BATH (FURNITURE),SOCK,0.19640090622801454
POOL,SOCK,0.17477531851924422
SOAP,SOCK,0.17477531851924422
HER,SOCK,0.15955731805925977
PARTY,SOCK,0.15520933993455777
DIRTY,SOCK,0.14834407888564816
BALL,SOCK,0.12622261370713772
HELP,SOCK,0.12622261370713772
GARDEN,SOCK,0.11630614264171901
SHOP,SOCK,0.11630614264171901
LIVING ROOM,SOCK,0.11172940464048264
CHURCH,SOCK,0.10028725154328189
SCHOOL,SOCK,0.08346731575933719
IN,SOCK,0.06824931529935274
BEDROOM,SOCK,0.06824931529935274
OLD,SOCK,0.05441481143947269
BREAK,SOCK,0.053755952185642775
GARAGE,SOCK,0.05134049436472765
PEOPLE,SOCK,0.05034581253120407
RAIN,SOCK,0.03621153310247838
BLOCK,SOCK,0.027668083437430546
MY,SOCK,0.02476938000527762
COT,SOCK,0.01752269844842269
CARRY,SOCK,0.010276016891567652
PUPPY,SOCK,0.007377313459414614
GENTLE,SOCK,0.004173596858549233
BEACH,KICK,0.47929214762082784
CUDDLE,KICK,0.32397451260667176
CHASE,KICK,0.5383114255314199
COLD,KICK,0.43222615093561256
HURRY,KICK,0.7015481574970928
CHAIR,KICK,0.4008489225101721
KICK,KICK,1.0
BICYCLE,KICK,0.7346685823958414
FAST,KICK,0.4008489225101721
BUMP,KICK,0.2828103666889882
FALL,KICK,0.35378292582495674
DANCE,KICK,0.8158137928495364
JUMPER,KICK,0.4165375367228923
CAR,KICK,0.35378292582495674
BOOTS,KICK,0.6092838306203336
JEANS,KICK,0.8087539703702813
ASLEEP,KICK,0.31871411377576575
HURT,KICK,0.2792617387321896
HOT,KICK,0.35378292582495674
JUMP,KICK,0.9052391865514458
DRIVE,KICK,0.6518673661019148
GO,KICK,0.5326335591817206
BATH,KICK,0.5177293525725781
FOOT,KICK,0.8087539703702813
BED,KICK,0.3679774376521503
SOFA,KICK,0.5383114255314199
HORSE,KICK,0.26435753212304725
BRING,KICK,0.24396231824180548
BATHROOM,KICK,0.24396231824180548
CLEAN,KICK,0.24396231824180548
HOUSE,KICK,0.22603247342726818
BLANKET,KICK,0.20474070568647762
BUS,KICK,0.18983649907733513
BATH (FURNITURE),KICK,0.18120770734386982
HER,KICK,0.145123725202853
DIRTY,KICK,0.13414171065865432
BALL,KICK,0.1124763788097185
HELP,KICK,0.1124763788097185
GARDEN,KICK,0.1027643281861591
CHURCH,KICK,0.08707571397343883
IN,KICK,0.0556984855479985
BEDROOM,KICK,0.0556984855479985
BREAK,KICK,0.04150397372080483
GARAGE,KICK,0.039138119051569165
BLOCK,KICK,0.01595388324126701
COT,KICK,0.006017694152820496
BEACH,DANCE,0.4363547660541294
CUDDLE,DANCE,0.28757673661481287
CHASE,DANCE,0.492888956874989
COLD,DANCE,0.39127058473027054
CHAIR,DANCE,0.3612143098006432
BICYCLE,DANCE,0.6809785623496982
BUMP,DANCE,0.24814592815892345
DANCE,DANCE,1.0
CAR,DANCE,0.31613012847678423
BOOTS,DANCE,0.5608731571928498
ASLEEP,DANCE,0.2825380114959154
BATH,DANCE,0.4731735526470444
BED,DANCE,0.3297269377309454
SOFA,DANCE,0.492888956874989
BRING,DANCE,0.21093355134072544
BATHROOM,DANCE,0.21093355134072544
CLEAN,DANCE,0.21093355134072544
BLANKET,DANCE,0.1733633232139823
BUS,DANCE,0.15908670430652405
BATH (FURNITURE),DANCE,0.15082115552852537
BALL,DANCE,0.08498390901487984
CHURCH,DANCE,0.060652792880807715
BEDROOM,DANCE,0.030596517951180346
BREAK,DANCE,0.016999708697019167
BEACH,FOOT,0.43127013491287014
CUDDLE,FOOT,0.2832665000185626
CHASE,FOOT,0.48751009585886096
COLD,FOOT,0.38642056725363216
CHAIR,FOOT,0.35652080413178855
BICYCLE,FOOT,0.6746205782525918
FAST,FOOT,0.35652080413178855
BUMP,FOOT,0.24404088223980724
FALL,FOOT,0.31167123647255046
DANCE,FOOT,0.7519444974623057
CAR,FOOT,0.31167123647255046
BOOTS,FOOT,0.5551402960445491
ASLEEP,FOOT,0.2782539628989993
DRIVE,FOOT,0.5957184469653731
BATH,FOOT,0.4678972869694831
FOOT,FOOT,1.0
BED,FOOT,0.32519733812851004
SOFA,FOOT,0.48751009585886096
BRING,FOOT,0.20702229661667992
BATHROOM,FOOT,0.20702229661667992
CLEAN,FOOT,0.20702229661667992
BLANKET,FOOT,0.16964755420261168
BUS,FOOT,0.15544518597561774
BATH (FURNITURE),FOOT,0.14722277037299258
DIRTY,FOOT,0.1023732027137545
BALL,FOOT,0.08172827855651121
CHURCH,FOOT,0.05752363505451652
BEDROOM,FOOT,0.027624025979727684
BREAK,FOOT,0.014097924323768107
BEACH,JEANS,0.43127013491287014
CUDDLE,JEANS,0.2832665000185626
CHASE,JEANS,0.48751009585886096
COLD,JEANS,0.38642056725363216
HURRY,JEANS,0.6430597257377044
CHAIR,JEANS,0.35652080413178855
BICYCLE,JEANS,0.6746205782525918
FAST,JEANS,0.35652080413178855
BUMP,JEANS,0.24404088223980724
FALL,JEANS,0.31167123647255046
DANCE,JEANS,0.7519444974623057
CAR,JEANS,0.31167123647255046
BOOTS,JEANS,0.5551402960445491
JEANS,JEANS,1.0
ASLEEP,JEANS,0.2782539628989993
HURT,JEANS,0.24065939533758107
HOT,JEANS,0.31167123647255046
DRIVE,JEANS,0.5957184469653731
GO,JEANS,0.48209965519647713
BATH,JEANS,0.4678972869694831
FOOT,JEANS,0.7452171085275368
BED,JEANS,0.32519733812851004
SOFA,JEANS,0.48751009585886096
HORSE,JEANS,0.22645702711058713
BRING,JEANS,0.20702229661667992
BATHROOM,JEANS,0.20702229661667992
CLEAN,JEANS,0.20702229661667992
HOUSE,JEANS,0.1899367837100785
BLANKET,JEANS,0.16964755420261168
BUS,JEANS,0.15544518597561774
BATH (FURNITURE),JEANS,0.14722277037299258
HER,JEANS,0.11283823534169102
DIRTY,JEANS,0.1023732027137545
BALL,JEANS,0.08172827855651121
HELP,JEANS,0.08172827855651121
GARDEN,JEANS,0.07247359363896566
CHURCH,JEANS,0.05752363505451652
IN,JEANS,0.027624025979727684
BEDROOM,JEANS,0.027624025979727684
BREAK,JEANS,0.014097924323768107
GARAGE,JEANS,0.011843599722283993
BEACH,TROUSERS,0.41369336594817585
CUDDLE,TROUSERS,0.26836691482106734
CHASE,TROUSERS,0.46891600014357193
COLD,TROUSERS,0.36965501008006907
LEG,TROUSERS,0.6867311415210269
TROUSERS,TROUSERS,1.0
HURRY,TROUSERS,0.6216522686586798
CHAIR,TROUSERS,0.34029610616799777
OUTSIDE,TROUSERS,0.2470384838812093
NAP,TROUSERS,0.22985083777720572
PYJAMAS,TROUSERS,0.36266481686963137
KICK,TROUSERS,0.7843493737910194
BICYCLE,TROUSERS,0.6526422227880884
KNEE,TROUSERS,0.6371472457233842
FAST,TROUSERS,0.34029610616799777
BUMP,TROUSERS,0.22985083777720572
FALL,TROUSERS,0.296257904346946
MOTORCYCLE,TROUSERS,0.4954789500091119
DANCE,TROUSERS,0.728567548786317
JUMPER,TROUSERS,0.3549755581240335
CAR,TROUSERS,0.296257904346946
BOOTS,TROUSERS,0.535323066713312
JEANS,TROUSERS,0.7219617029778682
ASLEEP,TROUSERS,0.26344495736978824
HURT,TROUSERS,0.22653050755577697
HOT,TROUSERS,0.296257904346946
JUMP,TROUSERS,0.812240363316898
DRIVE,TROUSERS,0.5751673374645672
OUCH,TROUSERS,0.2668990004348748
GO,TROUSERS,0.46360353340810767
BATH,TROUSERS,0.44965811566869596
FOOT,TROUSERS,0.7219617029778682
BED,TROUSERS,0.3095392252326611
SOFA,TROUSERS,0.46891600014357193
HORSE,TROUSERS,0.21258493576931026
BRING,TROUSERS,0.19350174065469683
BATHROOM,TROUSERS,0.19350174065469683
CLEAN,TROUSERS,0.19350174065469683
HOUSE,TROUSERS,0.17672524614023555
ME,TROUSERS,0.1722980878293121
BLANKET,TROUSERS,0.15680311076460796
BUS,TROUSERS,0.14285769302519602
BATH (FURNITURE),TROUSERS,0.13478393283055456
BATH (FURNITURE),TROUSERS,0.12043475776023593
HER,TROUSERS,0.10102128575990565
DIRTY,TROUSERS,0.09074557696244778
BALL,TROUSERS,0.0704739088192401
HELP,TROUSERS,0.0704739088192401
GARDEN,TROUSERS,0.061386673050376594
LIVING ROOM,TROUSERS,0.057192587933524996
CHURCH,TROUSERS,0.046707221094341
IN,TROUSERS,0.017348317182269923
BEDROOM,TROUSERS,0.017348317182269923
OLD,TROUSERS,0.004670706704728578
BREAK,TROUSERS,0.004066996296554715
GARAGE,TROUSERS,0.0018533401175656605
BEACH,LEG,0.40415169136734175
CUDDLE,LEG,0.2602785201562099
CHASE,LEG,0.4588222209179571
COLD,LEG,0.36055375602920925
LEG,LEG,1.0
HURRY,LEG,0.6100309588366242
CHAIR,LEG,0.33148846580378755
KICK,LEG,0.7711011730221089
BICYCLE,LEG,0.6407109702915634
KNEE,LEG,0.6253709645640939
FAST,LEG,0.33148846580378755
BUMP,LEG,0.2221475607496114
FALL,LEG,0.28789053046565494
DANCE,LEG,0.7158771524032188
JUMPER,LEG,0.34602111091649834
CAR,LEG,0.28789053046565494
BOOTS,LEG,0.5245651906340008
JEANS,LEG,0.7093373927813242
ASLEEP,LEG,0.25540585776250047
HURT,LEG,0.2188605046920422
HOT,LEG,0.28789053046565494
JUMP,LEG,0.7987131833315539
DRIVE,LEG,0.5640109416542158
GO,LEG,0.45356274636938054
BATH,LEG,0.4397567412146579
FOOT,LEG,0.7093373927813242
BED,LEG,0.30103921683709656
SOFA,LEG,0.4588222209179571
HORSE,LEG,0.20505449953731958
BRING,LEG,0.18616201467667903
BATHROOM,LEG,0.18616201467667903
CLEAN,LEG,0.18616201467667903
HOUSE,LEG,0.16955327740500958
BLANKET,LEG,0.1498303248713746
BUS,LEG,0.13602431971665196
BATH (FURNITURE),LEG,0.12803143422583574
HER,LEG,0.0946063042524844
DIRTY,LEG,0.08443349888770324
BALL,LEG,0.06436455666875085
HELP,LEG,0.06436455666875085
GARDEN,LEG,0.05536820866228154
CHURCH,LEG,0.04083556354957063
IN,LEG,0.011770119277094149
BEDROOM,LEG,0.011770119277094149
BEACH,BICYCLE,0.3779122403171028
BICYCLE,BICYCLE,1.0
ASLEEP,BICYCLE,0.23329810277187646
BATH,BICYCLE,0.4125281540248721
BED,BICYCLE,0.27766380863165696
BATHROOM,BICYCLE,0.16597769121360273
BATH (FURNITURE),BICYCLE,0.10946183199227666
BALL,BICYCLE,0.04756356867255962
BEACH,TOE,0.3719487707276089
CUDDLE,TOE,0.2329803036976068
CHASE,TOE,0.4247554849609253
COLD,TOE,0.3298370813752026
LEG,TOE,0.6330409674278286
TROUSERS,TOE,0.6448947342557363
HURRY,TOE,0.5708093462812964
CHAIR,TOE,0.3017626218069319
ROCKING CHAIR,TOE,0.36633390962336576
SHORTS,TOE,0.3719487707276089
RUN,TOE,0.7809423150776789
SWIM,TOE,0.5403953740901788
OUTSIDE,TOE,0.21258493576931026
NAP,TOE,0.19614919334029934
PYJAMAS,TOE,0.32315267156875205
TOE,TOE,1.0
KICK,TOE,0.7263885531946817
BICYCLE,TOE,0.6004435322804833
SNOW,TOE,0.18691268597523258
KNEE,TOE,0.5856263622573623
FAST,TOE,0.3017626218069319
BUMP,TOE,0.19614919334029934
TIRED,TOE,0.2736881622386611
PUSH,TOE,0.21753924310211947
FALL,TOE,0.25965093245452575
MOTORCYCLE,TOE,0.45015614979720464
SOCK,TOE,0.7530591819516006
DANCE,TOE,0.6730471416337891
JUMPER,TOE,0.31579985159106727
CAR,TOE,0.25965093245452575
BOOTS,TOE,0.4882570700280966
JEANS,TOE,0.6667302881003427
ASLEEP,TOE,0.2282737040290853
HURT,TOE,0.19297412949164627
PLAY,TOE,0.25965093245452575
HOT,TOE,0.25965093245452575
STAIRS,TOE,0.5403953740901788
JUMP,TOE,0.7530591819516006
DRIVE,TOE,0.5263581443060434
RIDE,TOE,0.25965093245452575
OUCH,TOE,0.23157647288625494
GO,TOE,0.4196753211842583
STOP,TOE,0.20884960278196651
BATH,TOE,0.4063399297822714
SHOES,TOE,0.579699555866936
FOOT,TOE,0.6667302881003427
BED,TOE,0.2723513418961929
SOFA,TOE,0.4247554849609253
HORSE,TOE,0.17963889213671425
PARK,TOE,0.16630350073472744
BRING,TOE,0.16139047801263273
BATHROOM,TOE,0.16139047801263273
CLEAN,TOE,0.16139047801263273
HOUSE,TOE,0.14534786366774022
ME,TOE,0.1411144965518878
BLANKET,TOE,0.1262973265287668
TICKLE,TOE,0.1262973265287668
PERSON,TOE,0.11994719883146066
BUS,TOE,0.11296208917383477
BATH (FURNITURE),TOE,0.10524155887609121
SUN,TOE,0.1027643281861591
POOL,TOE,0.08629130636986115
SOAP,TOE,0.08629130636986115
HER,TOE,0.07295591496787424
PARTY,TOE,0.06914586915890153
DIRTY,TOE,0.06312986952368504
BALL,TOE,0.04374520432262197
HELP,TOE,0.04374520432262197
GARDEN,TOE,0.03505540995541412
SHOP,TOE,0.03505540995541412
LIVING ROOM,TOE,0.031044794880954796
CHURCH,TOE,0.021018180171278655
SCHOOL,TOE,0.006279112004994869
BEACH,KNEE,0.36598514709106
CUDDLE,KNEE,0.22792494149677978
CHASE,KNEE,0.41844679592138856
COLD,KNEE,0.32414873982576975
HURRY,KNEE,0.5635460276425117
CHAIR,KNEE,0.296257904346946
KICK,KNEE,0.7181083699464672
BICYCLE,KNEE,0.5929865764936826
KNEE,KNEE,1.0
FAST,KNEE,0.296257904346946
BUMP,KNEE,0.1913347607333441
FALL,KNEE,0.2544213430346006
DANCE,KNEE,0.6651155668708253
JUMPER,KNEE,0.3102033220863578
CAR,KNEE,0.2544213430346006
BOOTS,KNEE,0.4815333782226452
JEANS,KNEE,0.6588401519951481
ASLEEP,KNEE,0.22324915123923927
HURT,KNEE,0.18818049323710329
HOT,KNEE,0.2544213430346006
JUMP,KNEE,0.744604771484288
DRIVE,KNEE,0.5193853584128101
GO,KNEE,0.41339975226152625
BATH,KNEE,0.40015155149261583
FOOT,KNEE,0.6588401519951481
BED,KNEE,0.2670387211136739
SOFA,KNEE,0.41844679592138856
HORSE,KNEE,0.17493229246819275
BRING,KNEE,0.15680311076460796
BATHROOM,KNEE,0.15680311076460796
CLEAN,KNEE,0.15680311076460796
HOUSE,KNEE,0.14086540246410584
BLANKET,KNEE,0.12193948939255095
BUS,KNEE,0.10869128862364041
BATH (FURNITURE),KNEE,0.10102128575990565
HER,KNEE,0.06894668631690892
DIRTY,KNEE,0.05918472444756029
BALL,KNEE,0.039926685925629424
HELP,KNEE,0.039926685925629424
GARDEN,KNEE,0.03129388896873664
CHURCH,KNEE,0.017348317182269923
BEACH,SHOES,0.3612143098006432
CUDDLE,SHOES,0.2238808982114059
CHASE,SHOES,0.41339975226152625
COLD,SHOES,0.31959818982386723
LEG,SHOES,0.6192349622731061
TROUSERS,SHOES,0.6309491624692696
HURRY,SHOES,0.5577355267785387
CHAIR,SHOES,0.2918540071413134
ROCKING CHAIR,SHOES,0.3556655348829544
RUN,SHOES,0.7653961943907461
OUTSIDE,SHOES,0.20372553559465167
NAP,SHOES,0.18748312221954688
PYJAMAS,SHOES,0.3129923440154182
KICK,SHOES,0.7114843465855394
BICYCLE,SHOES,0.58702095024542
KNEE,SHOES,0.572378161488452
FAST,SHOES,0.2918540071413134
BUMP,SHOES,0.18748312221954688
PUSH,SHOES,0.2086216131407067
FALL,SHOES,0.25023773311748254
MOTORCYCLE,SHOES,0.4385017198583444
DANCE,SHOES,0.6587703686792761
JUMPER,SHOES,0.30572609848259036
CAR,SHOES,0.25023773311748254
BOOTS,SHOES,0.476154363159462
JEANS,SHOES,0.6525279198733487
ASLEEP,SHOES,0.21922960143559533
HURT,SHOES,0.18434533775818085
PLAY,SHOES,0.25023773311748254
HOT,SHOES,0.25023773311748254
JUMP,SHOES,0.7378411814916159
DRIVE,SHOES,0.5138071605076342
RIDE,SHOES,0.25023773311748254
OUCH,SHOES,0.2224935504349287
GO,SHOES,0.40837951278921747
BATH,SHOES,0.3952009412891243
SHOES,SHOES,1.0
FOOT,SHOES,0.6525279198733487
BED,SHOES,0.26278871691589156
SOFA,SHOES,0.41339975226152625
HORSE,SHOES,0.17116692030514258
PARK,SHOES,0.1579885028521042
BRING,SHOES,0.153133247775599
BATHROOM,SHOES,0.153133247775599
CLEAN,SHOES,0.153133247775599
HOUSE,SHOES,0.13727949512002036
ME,SHOES,0.13309573115584739
BLANKET,SHOES,0.11845309644593416
PERSON,SHOES,0.1121775275232022
BUS,SHOES,0.10527452494584089
BATH (FURNITURE),SHOES,0.0976448824104913
POOL,SHOES,0.07891769003976423
HER,SHOES,0.06573911853967085
PARTY,SHOES,0.061973900423675565
DIRTY,SHOES,0.05602876243371546
BALL,SHOES,0.0368720868739123
HELP,SHOES,0.0368720868739123
GARDEN,SHOES,0.02828457975116161
LIVING ROOM,SHOES,0.02432110307550328
CHURCH,SHOES,0.014412488409884738
BEACH,HURRY,0.35405820791207243
CUDDLE,HURRY,0.21781452518923528
CHASE,HURRY,0.4058294178423152
COLD,HURRY,0.31277221077395856
HURRY,HURRY,1.0
CHAIR,HURRY,0.28524831537991935
BICYCLE,HURRY,0.5780726649200811
FAST,HURRY,0.28524831537991935
BUMP,HURRY,0.18170574147237872
FALL,HURRY,0.24396231824180548
DANCE,HURRY,0.6492525713919524
CAR,HURRY,0.24396231824180548
BOOTS,HURRY,0.46808599461174216
ASLEEP,HURRY,0.21320019970660198
HOT,HURRY,0.24396231824180548
DRIVE,HURRY,0.5054399406733983
GO,HURRY,0.4008489225101721
BATH,HURRY,0.38777494896035947
FOOT,HURRY,0.6430597257377044
BED,HURRY,0.2564136335956908
SOFA,HURRY,0.4058294178423152
HORSE,HURRY,0.16551909313114965
BRING,HURRY,0.14762837626855818
BATHROOM,HURRY,0.14762837626855818
CLEAN,HURRY,0.14762837626855818
HOUSE,HURRY,0.1319004800568372
BLANKET,HURRY,0.11322350702600914
BUS,HURRY,0.10014968752325148
BATH (FURNITURE),HURRY,0.09258058548047965
HER,HURRY,0.06092792092086863
DIRTY,HURRY,0.05129458834236589
BALL,HURRY,0.03228995722575423
HELP,HURRY,0.03228995722575423
GARDEN,HURRY,0.023770692948326566
CHURCH,HURRY,0.010008591204252126
BEACH,SWIM,0.32957627971124814
CUDDLE,SWIM,0.19706145999944846
CHASE,SWIM,0.37993071887752694
COLD,SWIM,0.28942037176791946
LEG,SWIM,0.5785435867669266
TROUSERS,SWIM,0.5898467894206028
HURRY,SWIM,0.5192018883704177
CHAIR,SWIM,0.26264961242531215
ROCKING CHAIR,SWIM,0.3242222202709596
SHORTS,SWIM,0.32957627971124814
RUN,SWIM,0.7195762843326596
SWIM,SWIM,1.0
OUTSIDE,SWIM,0.1776133274117645
NAP,SWIM,0.16194088813980934
PYJAMAS,SWIM,0.28304636677710304
KICK,SWIM,0.6675559803146349
BICYCLE,SWIM,0.547459817981081
SNOW,SWIM,0.153133247775599
KNEE,SWIM,0.5333309301992768
FAST,SWIM,0.26264961242531215
BUMP,SWIM,0.16194088813980934
PUSH,SWIM,0.18233764249160012
FALL,SWIM,0.2224935504349287
MOTORCYCLE,SWIM,0.40415169136734175
SOCK,SWIM,0.6929882247971701
DANCE,SWIM,0.6166917994436745
JUMPER,SWIM,0.2760349150730883
CAR,SWIM,0.2224935504349287
BOOTS,SWIM,0.4404833811726462
JEANS,SWIM,0.6106684055498224
ASLEEP,SWIM,0.1925734531018375
HURT,SWIM,0.15891324732270062
PLAY,SWIM,0.2224935504349287
HOT,SWIM,0.2224935504349287
STAIRS,SWIM,0.49020037362572677
JUMP,SWIM,0.6929882247971701
DRIVE,SWIM,0.47681507097795084
RIDE,SWIM,0.2224935504349287
OUCH,SWIM,0.19572294513937638
GO,SWIM,0.37508640114192004
STOP,SWIM,0.1740514514082443
BATH,SWIM,0.3623704329477073
SHOES,SWIM,0.5276792518489113
FOOT,SWIM,0.6106684055498224
BED,SWIM,0.23460411370336365
SOFA,SWIM,0.37993071887752694
HORSE,SWIM,0.146197279128488
PARK,SWIM,0.1334811568872204
BRING,SWIM,0.1287962778534406
BATHROOM,SWIM,0.1287962778534406
CLEAN,SWIM,0.1287962778534406
HOUSE,SWIM,0.11349878911312494
ME,SWIM,0.10946183199227666
BLANKET,SWIM,0.09533294421047267
PERSON,SWIM,0.08927766257625525
BUS,SWIM,0.08261682196920506
BATH (FURNITURE),SWIM,0.07525491321528088
SUN,SWIM,0.07289275567536313
POOL,SWIM,0.05718473153372483
SOAP,SWIM,0.05718473153372483
HER,SWIM,0.04446860929245722
PARTY,SWIM,0.04083556354957063
DIRTY,SWIM,0.03509885122489753
BALL,SWIM,0.016614437012700933
HELP,SWIM,0.016614437012700933
GARDEN,SWIM,0.008328245929345113
SHOP,SWIM,0.008328245929345113
LIVING ROOM,SWIM,0.004503873744266196
BEACH,STAIRS,0.32957627971124814
CUDDLE,STAIRS,0.19706145999944846
CHASE,STAIRS,0.37993071887752694
COLD,STAIRS,0.28942037176791946
LEG,STAIRS,0.5785435867669266
TROUSERS,STAIRS,0.5898467894206028
HURRY,STAIRS,0.5192018883704177
CHAIR,STAIRS,0.26264961242531215
ROCKING CHAIR,STAIRS,0.3242222202709596
SHORTS,STAIRS,0.32957627971124814
RUN,STAIRS,0.7195762843326596
OUTSIDE,STAIRS,0.1776133274117645
NAP,STAIRS,0.16194088813980934
PYJAMAS,STAIRS,0.28304636677710304
KICK,STAIRS,0.6675559803146349
BICYCLE,STAIRS,0.547459817981081
SNOW,STAIRS,0.153133247775599
KNEE,STAIRS,0.5333309301992768
FAST,STAIRS,0.26264961242531215
BUMP,STAIRS,0.16194088813980934
PUSH,STAIRS,0.18233764249160012
FALL,STAIRS,0.2224935504349287
MOTORCYCLE,STAIRS,0.40415169136734175
SOCK,STAIRS,0.6929882247971701
DANCE,STAIRS,0.6166917994436745
JUMPER,STAIRS,0.2760349150730883
CAR,STAIRS,0.2224935504349287
BOOTS,STAIRS,0.4404833811726462
JEANS,STAIRS,0.6106684055498224
ASLEEP,STAIRS,0.1925734531018375
HURT,STAIRS,0.15891324732270062
PLAY,STAIRS,0.2224935504349287
HOT,STAIRS,0.2224935504349287
STAIRS,STAIRS,1.0
JUMP,STAIRS,0.6929882247971701
DRIVE,STAIRS,0.47681507097795084
RIDE,STAIRS,0.2224935504349287
OUCH,STAIRS,0.19572294513937638
GO,STAIRS,0.37508640114192004
BATH,STAIRS,0.3623704329477073
SHOES,STAIRS,0.5276792518489113
FOOT,STAIRS,0.6106684055498224
BED,STAIRS,0.23460411370336365
SOFA,STAIRS,0.37993071887752694
HORSE,STAIRS,0.146197279128488
PARK,STAIRS,0.1334811568872204
BRING,STAIRS,0.1287962778534406
BATHROOM,STAIRS,0.1287962778534406
CLEAN,STAIRS,0.1287962778534406
HOUSE,STAIRS,0.11349878911312494
ME,STAIRS,0.10946183199227666
BLANKET,STAIRS,0.09533294421047267
PERSON,STAIRS,0.08927766257625525
BUS,STAIRS,0.08261682196920506
BATH (FURNITURE),STAIRS,0.07525491321528088
POOL,STAIRS,0.05718473153372483
SOAP,STAIRS,0.05718473153372483
HER,STAIRS,0.04446860929245722
PARTY,STAIRS,0.04083556354957063
DIRTY,STAIRS,0.03509885122489753
BALL,STAIRS,0.016614437012700933
HELP,STAIRS,0.016614437012700933
GARDEN,STAIRS,0.008328245929345113
SHOP,STAIRS,0.008328245929345113
LIVING ROOM,STAIRS,0.004503873744266196
BEACH,DRIVE,0.3182769282339444
CUDDLE,DRIVE,0.18748312221954688
CHASE,DRIVE,0.3679774376521503
COLD,DRIVE,0.2786424695714703
CHAIR,DRIVE,0.2522195484788393
BICYCLE,DRIVE,0.5333309301992768
BUMP,DRIVE,0.15281868368948248
DANCE,DRIVE,0.6016637390023882
CAR,DRIVE,0.21258493576931026
BOOTS,DRIVE,0.42774368973197807
ASLEEP,DRIVE,0.1830533451086902
DRIVE,DRIVE,1.0
BATH,DRIVE,0.3506451413635907
BED,DRIVE,0.2245382169946868
SOFA,DRIVE,0.3679774376521503
BRING,DRIVE,0.12010448087451897
BATHROOM,DRIVE,0.12010448087451897
CLEAN,DRIVE,0.12010448087451897
BLANKET,DRIVE,0.08707571397343883
BUS,DRIVE,0.0745248842220847
BATH (FURNITURE),DRIVE,0.06725848464220185
DIRTY,DRIVE,0.027624025979727684
BALL,DRIVE,0.009379463032018753
BEACH,BOOTS,0.28760739197873897
BICYCLE,BOOTS,0.4949807618335482
BOOTS,BOOTS,1.0
ASLEEP,BOOTS,0.1572133380718207
BATH,BOOTS,0.31881963600837593
BED,BOOTS,0.1972165853837381
BATHROOM,BOOTS,0.09651248250988254
BLANKET,BOOTS,0.06466340795526715
BATH (FURNITURE),BOOTS,0.045553870794265094
BEACH,MOTORCYCLE,0.25693785572353367
CUDDLE,MOTORCYCLE,0.13548638740092267
CHASE,MOTORCYCLE,0.3030881967143919
COLD,MOTORCYCLE,0.22013447383610896
LEG,MOTORCYCLE,0.48511943961378545
HURRY,MOTORCYCLE,0.43073204855008596
CHAIR,MOTORCYCLE,0.19559878321312274
KICK,MOTORCYCLE,0.5667004491858074
BICYCLE,MOTORCYCLE,0.4566307475148744
KNEE,MOTORCYCLE,0.4436813980324801
FAST,MOTORCYCLE,0.19559878321312274
BUMP,MOTORCYCLE,0.10329810123140593
FALL,MOTORCYCLE,0.15879524727864325
MOTORCYCLE,MOTORCYCLE,1.0
DANCE,MOTORCYCLE,0.5200827294303663
JUMPER,MOTORCYCLE,0.2078666285246159
CAR,MOTORCYCLE,0.15879524727864325
BOOTS,MOTORCYCLE,0.3585854968086841
JEANS,MOTORCYCLE,0.5145621451237252
ASLEEP,MOTORCYCLE,0.1313731769878963
HURT,MOTORCYCLE,0.10052309758434186
HOT,MOTORCYCLE,0.15879524727864325
JUMP,MOTORCYCLE,0.5900093090635279
DRIVE,MOTORCYCLE,0.39188400010290336
GO,MOTORCYCLE,0.2986485605920214
BATH,MOTORCYCLE,0.28699413065316104
FOOT,MOTORCYCLE,0.5145621451237252
BED,MOTORCYCLE,0.16989479972573462
SOFA,MOTORCYCLE,0.3030881967143919
HORSE,MOTORCYCLE,0.08886866764548162
BRING,MOTORCYCLE,0.07292048414524599
BATHROOM,MOTORCYCLE,0.07292048414524599
CLEAN,MOTORCYCLE,0.07292048414524599
HOUSE,MOTORCYCLE,0.0589001995371502
ME,MOTORCYCLE,0.055200297372434814
BLANKET,MOTORCYCLE,0.04225094789004058
BUS,MOTORCYCLE,0.030596517951180346
BATH (FURNITURE),MOTORCYCLE,0.023849256946328223
BEACH,CHASE,0.2364914982200632
CHASE,CHASE,1.0
CHAIR,CHASE,0.17672524614023555
BICYCLE,CHASE,0.43106401995340693
BUMP,CHASE,0.08679118906302885
CAR,CHASE,0.14086540246410584
BOOTS,CHASE,0.3355328171832712
ASLEEP,CHASE,0.11414640293194678
BATH,CHASE,0.26577707573399967
BED,CHASE,0.15168027595373235
BRING,CHASE,0.057192587933524996
BATHROOM,CHASE,0.057192587933524996
BLANKET,CHASE,0.027309461893611053
BUS,CHASE,0.01595388324126701
BATH (FURNITURE),CHASE,0.009379463032018753
BEACH,SOFA,0.2364914982200632
CHASE,SOFA,0.281458603782194
COLD,SOFA,0.20063180859098861
CHAIR,SOFA,0.17672524614023555
BICYCLE,SOFA,0.43106401995340693
BUMP,SOFA,0.08679118906302885
CAR,SOFA,0.14086540246410584
BOOTS,SOFA,0.3355328171832712
ASLEEP,SOFA,0.11414640293194678
BATH,SOFA,0.26577707573399967
BED,SOFA,0.15168027595373235
SOFA,SOFA,1.0
BRING,SOFA,0.057192587933524996
BATHROOM,SOFA,0.057192587933524996
CLEAN,SOFA,0.057192587933524996
BLANKET,SOFA,0.027309461893611053
BUS,SOFA,0.01595388324126701
BATH (FURNITURE),SOFA,0.009379463032018753
BEACH,GO,0.23240231914760223
CUDDLE,GO,0.11468772428288398
CHASE,GO,0.2771326543863436
COLD,GO,0.1967311831137315
CHAIR,GO,0.1729504771068361
BICYCLE,GO,0.4259507360599354
FAST,GO,0.1729504771068361
BUMP,GO,0.08348980662935335
FALL,GO,0.13727949512002036
DANCE,GO,0.48745032560155765
CAR,GO,0.13727949512002036
BOOTS,GO,0.3309223428770105
ASLEEP,GO,0.11070098650193494
DRIVE,GO,0.3631961251619997
GO,GO,1.0
BATH,GO,0.2615335415125234
FOOT,GO,0.48209965519647713
BED,GO,0.1480373711993318
SOFA,GO,0.2771326543863436
BRING,GO,0.0540469470723588
BATHROOM,GO,0.0540469470723588
CLEAN,GO,0.0540469470723588
BLANKET,GO,0.02432110307550328
BUS,GO,0.01302529468046243
BATH (FURNITURE),GO,0.0064855350585678595
BEACH,SHORTS,0.19398452412477007
CUDDLE,SHORTS,0.08212140664062961
CHASE,SHORTS,0.2364914982200632
COLD,SHORTS,0.16008662373991434
LEG,SHORTS,0.40415169136734175
TROUSERS,SHORTS,0.41369336594817585
HURRY,SHORTS,0.35405820791207243
CHAIR,SHORTS,0.13748807483236214
ROCKING CHAIR,SHORTS,0.18946493758090366
SHORTS,SHORTS,1.0
RUN,SHORTS,0.5232054172803517
OUTSIDE,SHORTS,0.06570414985820738
NAP,SHORTS,0.052474126641775753
PYJAMAS,SHORTS,0.15470606820618216
KICK,SHORTS,0.47929214762082784
BICYCLE,SHORTS,0.3779122403171028
KNEE,SHORTS,0.36598514709106
FAST,SHORTS,0.13748807483236214
BUMP,SHORTS,0.052474126641775753
PUSH,SHORTS,0.06969212001559577
FALL,SHORTS,0.1035901744475064
MOTORCYCLE,SHORTS,0.25693785572353367
DANCE,SHORTS,0.4363547660541294
JUMPER,SHORTS,0.14878742630966568
CAR,SHORTS,0.1035901744475064
BOOTS,SHORTS,0.28760739197873897
JEANS,SHORTS,0.43127013491287014
ASLEEP,SHORTS,0.07833277337228872
HURT,SHORTS,0.04991833195384188
PLAY,SHORTS,0.1035901744475064
HOT,SHORTS,0.1035901744475064
JUMP,SHORTS,0.5007609154277046
DRIVE,SHORTS,0.3182769282339444
RIDE,SHORTS,0.1035901744475064
OUCH,SHORTS,0.0809914714928992
GO,SHORTS,0.23240231914760223
BATH,SHORTS,0.2216678582206364
SHOES,SHORTS,0.3612143098006432
FOOT,SHORTS,0.43127013491287014
BED,SHORTS,0.11381335319924146
SOFA,SHORTS,0.2364914982200632
HORSE,SHORTS,0.03918402507393104
PARK,SHORTS,0.02844971819402009
BRING,SHORTS,0.024495022200491268
BATHROOM,SHORTS,0.024495022200491268
CLEAN,SHORTS,0.024495022200491268
HOUSE,SHORTS,0.01158141163483517
ME,SHORTS,0.008173736733275039
BEACH,ROCKING CHAIR,0.18946493758090366
CUDDLE,ROCKING CHAIR,0.07829010233807998
CHASE,ROCKING CHAIR,0.23171018572991264
COLD,ROCKING CHAIR,0.1557756169083896
LEG,ROCKING CHAIR,0.39833872575049034
TROUSERS,ROCKING CHAIR,0.4078215543563505
HURRY,ROCKING CHAIR,0.3485533364050316
CHAIR,ROCKING CHAIR,0.13331601844436192
ROCKING CHAIR,ROCKING CHAIR,1.0
OUTSIDE,ROCKING CHAIR,0.061973900423675565
NAP,ROCKING CHAIR,0.048825368099288835
PYJAMAS,ROCKING CHAIR,0.1504280274444071
KICK,ROCKING CHAIR,0.4730167327451509
BICYCLE,ROCKING CHAIR,0.37226071601379207
KNEE,ROCKING CHAIR,0.36040694918588445
FAST,ROCKING CHAIR,0.13331601844436192
BUMP,ROCKING CHAIR,0.048825368099288835
PUSH,ROCKING CHAIR,0.065937377099334
FALL,ROCKING CHAIR,0.09962669777184796
MOTORCYCLE,ROCKING CHAIR,0.25203084083658034
DANCE,ROCKING CHAIR,0.4303435418776149
JUMPER,ROCKING CHAIR,0.1445457406528483
CAR,ROCKING CHAIR,0.09962669777184796
BOOTS,ROCKING CHAIR,0.28251151540247177
JEANS,ROCKING CHAIR,0.42529018228850146
ASLEEP,ROCKING CHAIR,0.0745248842220847
HURT,ROCKING CHAIR,0.0462852862109554
PLAY,ROCKING CHAIR,0.09962669777184796
HOT,ROCKING CHAIR,0.09962669777184796
JUMP,ROCKING CHAIR,0.49435332817891897
DRIVE,ROCKING CHAIR,0.3129923440154182
RIDE,ROCKING CHAIR,0.09962669777184796
OUCH,ROCKING CHAIR,0.07716709930782029
GO,ROCKING CHAIR,0.22764611632740106
BATH,ROCKING CHAIR,0.21697789563404457
FOOT,ROCKING CHAIR,0.42529018228850146
BED,ROCKING CHAIR,0.10978687127812681
SOFA,ROCKING CHAIR,0.23171018572991264
HORSE,ROCKING CHAIR,0.03561691147054391
PARK,ROCKING CHAIR,0.02494869077718742
BRING,ROCKING CHAIR,0.021018180171278655
BATHROOM,ROCKING CHAIR,0.021018180171278655
CLEAN,ROCKING CHAIR,0.021018180171278655
HOUSE,ROCKING CHAIR,0.008184211933008556
ME,ROCKING CHAIR,0.004797487430915681
BEACH,YOU,0.16008662373991434
CUDDLE,YOU,0.05338639330092487
CHASE,YOU,0.20063180859098861
COLD,YOU,0.1277532252446768
LEG,YOU,0.36055375602920925
TROUSERS,YOU,0.36965501008006907
HURRY,YOU,0.31277221077395856
CHAIR,YOU,0.10619757489883341
ROCKING CHAIR,YOU,0.1557756169083896
SHORTS,YOU,0.16008662373991434
RUN,YOU,0.47411262349374717
SWIM,YOU,0.28942037176791946
OUTSIDE,YOU,0.0377268939815818
NAP,YOU,0.025107513290794747
PYJAMAS,YOU,0.12262099356345191
TOE,YOU,0.3298370813752026
KICK,YOU,0.43222615093561256
BICYCLE,YOU,0.3355254229246357
SNOW,YOU,0.018015649024119562
KNEE,YOU,0.32414873982576975
FAST,YOU,0.10619757489883341
BUMP,YOU,0.025107513290794747
TIRED,YOU,0.08464207860004502
PUSH,YOU,0.04153077790835835
FALL,YOU,0.07386417640359588
MOTORCYCLE,YOU,0.22013447383610896
SOCK,YOU,0.45270408808533835
DANCE,YOU,0.39127058473027054
YOU,YOU,1.0
JUMPER,YOU,0.11697547709528255
CAR,YOU,0.07386417640359588
BOOTS,YOU,0.24938847170378975
JEANS,YOU,0.38642056725363216
ASLEEP,YOU,0.04977260343990153
HURT,YOU,0.02266971864691847
WALK,YOU,0.4726430145899507
PLAY,YOU,0.07386417640359588
HOT,YOU,0.07386417640359588
STAIRS,YOU,0.28942037176791946
JUMP,YOU,0.45270408808533835
DRIVE,YOU,0.2786424695714703
RIDE,YOU,0.07386417640359588
OUCH,YOU,0.05230868010480738
GO,YOU,0.1967311831137315
STOP,YOU,0.034858845913354974
BATH,YOU,0.186492291562396
SHOES,YOU,0.31959818982386723
FOOT,YOU,0.38642056725363216
BED,YOU,0.08361550902615611
SOFA,YOU,0.20063180859098861
HORSE,YOU,0.012430827095582964
PARK,YOU,0.0021917814971925687
BEACH,COLD,0.16008662373991434
CHASE,COLD,0.20063180859098861
COLD,COLD,1.0
CHAIR,COLD,0.10619757489883341
BICYCLE,COLD,0.3355254229246357
BUMP,COLD,0.025107513290794747
CAR,COLD,0.07386417640359588
BOOTS,COLD,0.24938847170378975
ASLEEP,COLD,0.04977260343990153
BATH,COLD,0.186492291562396
BED,COLD,0.08361550902615611
BEACH,PYJAMAS,0.15470606820618216
CUDDLE,PYJAMAS,0.048825368099288835
CHASE,PYJAMAS,0.19493976991223783
COLD,PYJAMAS,0.12262099356345191
LEG,PYJAMAS,0.3536335001816985
HURRY,PYJAMAS,0.30621889501123223
CHAIR,PYJAMAS,0.10123094380163178
OUTSIDE,PYJAMAS,0.03328602548277193
NAP,PYJAMAS,0.02076354038952033
PYJAMAS,PYJAMAS,1.0
KICK,PYJAMAS,0.4247554849609253
BICYCLE,PYJAMAS,0.32879726375459195
KNEE,PYJAMAS,0.31750807938291215
FAST,PYJAMAS,0.10123094380163178
BUMP,PYJAMAS,0.02076354038952033
FALL,PYJAMAS,0.06914586915890153
MOTORCYCLE,PYJAMAS,0.21429254737293546
DANCE,PYJAMAS,0.3841143287946449
JUMPER,PYJAMAS,0.11192596868254179
CAR,PYJAMAS,0.06914586915890153
BOOTS,PYJAMAS,0.24332194463456414
JEANS,PYJAMAS,0.3793015907052937
ASLEEP,PYJAMAS,0.04523930670814846
HURT,PYJAMAS,0.018344539486342404
HOT,PYJAMAS,0.06914586915890153
JUMP,PYJAMAS,0.4450759860205379
DRIVE,PYJAMAS,0.2723513418961929
OUCH,PYJAMAS,0.0477558193970814
GO,PYJAMAS,0.19106918361068737
BATH,PYJAMAS,0.18090885605735352
FOOT,PYJAMAS,0.3793015907052937
BED,PYJAMAS,0.07882233491277779
SOFA,PYJAMAS,0.19493976991223783
HORSE,PYJAMAS,0.008184211933008556
BEACH,JUMPER,0.14878742630966568
CUDDLE,JUMPER,0.04380805552102329
CHASE,JUMPER,0.18867852736561197
COLD,JUMPER,0.11697547709528255
HURRY,JUMPER,0.299010263076939
CHAIR,JUMPER,0.09576751095236047
BICYCLE,JUMPER,0.32139638109577673
FAST,JUMPER,0.09576751095236047
BUMP,JUMPER,0.015985308840467782
FALL,JUMPER,0.06395556173797734
DANCE,JUMPER,0.3762425242889843
JUMPER,JUMPER,1.0
CAR,JUMPER,0.06395556173797734
BOOTS,JUMPER,0.23664878026312164
JEANS,JUMPER,0.3714706086691829
ASLEEP,JUMPER,0.04025264949380902
HURT,JUMPER,0.013586796195592221
HOT,JUMPER,0.06395556173797734
JUMP,JUMPER,0.4366850429398462
DRIVE,JUMPER,0.26543093200162726
GO,JUMPER,0.1848409071338113
BATH,JUMPER,0.17476699997827938
FOOT,JUMPER,0.3714706086691829
BED,JUMPER,0.07354961231747925
SOFA,JUMPER,0.18867852736561197
HORSE,JUMPER,0.0035130430871153084
BEACH,CHAIR,0.13748807483236214
CHAIR,CHAIR,1.0
BICYCLE,CHAIR,0.30726749331397274
BUMP,CHAIR,0.006863104390140706
CAR,CHAIR,0.0540469470723588
BOOTS,CHAIR,0.22390908882245353
ASLEEP,CHAIR,0.030732541500661736
BATH,CHAIR,0.16304186244121754
BED,CHAIR,0.0634837156088025
BEACH,FAST,0.13748807483236214
CUDDLE,FAST,0.03422971774112182
CHASE,FAST,0.17672524614023555
COLD,FAST,0.10619757489883341
CHAIR,FAST,0.08533744700588752
BICYCLE,FAST,0.30726749331397274
FAST,FAST,1.0
BUMP,FAST,0.006863104390140706
FALL,FAST,0.0540469470723588
DANCE,FAST,0.3612143098006432
CAR,FAST,0.0540469470723588
BOOTS,FAST,0.22390908882245353
ASLEEP,FAST,0.030732541500661736
DRIVE,FAST,0.2522195484788393
BATH,FAST,0.16304186244121754
BED,FAST,0.0634837156088025
SOFA,FAST,0.17672524614023555
BEACH,TIRED,0.11488937187775494
CUDDLE,TIRED,0.015073042181318663
CHASE,TIRED,0.15281868368948248
COLD,TIRED,0.08464207860004502
LEG,TIRED,0.30242317557836584
TROUSERS,TIRED,0.3109373563029816
HURRY,TIRED,0.25772426593882514
CHAIR,TIRED,0.06447716506588663
ROCKING CHAIR,TIRED,0.11085641998033435
SHORTS,TIRED,0.11488937187775494
RUN,TIRED,0.40865571915866283
SWIM,TIRED,0.23587900712975973
OUTSIDE,TIRED,0.0004237834480445013
PYJAMAS,TIRED,0.07984089403981154
KICK,TIRED,0.3694715400376768
BICYCLE,TIRED,0.27900956370330965
KNEE,TIRED,0.26836691482106734
FAST,TIRED,0.06447716506588663
TIRED,TIRED,1.0
PUSH,TIRED,0.003982424463411682
FALL,TIRED,0.03422971774112182
MOTORCYCLE,TIRED,0.1710630925901364
SOCK,TIRED,0.38862821559747995
DANCE,TIRED,0.3311581889180705
JUMPER,TIRED,0.07455954480943838
CAR,TIRED,0.03422971774112182
BOOTS,TIRED,0.1984298599881722
JEANS,TIRED,0.32662104100994493
ASLEEP,TIRED,0.011692479561421831
PLAY,TIRED,0.03422971774112182
HOT,TIRED,0.03422971774112182
STAIRS,TIRED,0.23587900712975973
JUMP,TIRED,0.38862821559747995
DRIVE,TIRED,0.2257964733391532
RIDE,TIRED,0.03422971774112182
OUCH,TIRED,0.014064804206963433
GO,TIRED,0.14916977109994067
BATH,TIRED,0.1395914333200391
SHOES,TIRED,0.2641098244587594
FOOT,TIRED,0.32662104100994493
BED,TIRED,0.04335192219144868
SOFA,TIRED,0.15281868368948248
BEACH,BED,0.11381335319924146
ASLEEP,BED,0.010785758596249195
BATH,BED,0.13847474621903055
BED,BED,1.0
BEACH,HOT,0.1035901744475064
CUDDLE,HOT,0.005494704401417083
CHASE,HOT,0.14086540246410584
COLD,HOT,0.07386417640359588
CHAIR,HOT,0.0540469470723588
BICYCLE,HOT,0.26488052187445066
FAST,HOT,0.0540469470723588
FALL,HOT,0.02432110307550328
DANCE,HOT,0.31613012847678423
CAR,HOT,0.02432110307550328
BOOTS,HOT,0.1856901685475042
ASLEEP,HOT,0.002172371568274545
HOT,HOT,1.0
DRIVE,HOT,0.21258493576931026
GO,HOT,0.13727949512002036
BATH,HOT,0.12786629578297726
FOOT,HOT,0.31167123647255046
BED,HOT,0.03328602548277193
SOFA,HOT,0.14086540246410584
BEACH,RIDE,0.1035901744475064
CUDDLE,RIDE,0.005494704401417083
CHASE,RIDE,0.14086540246410584
COLD,RIDE,0.07386417640359588
LEG,RIDE,0.28789053046565494
TROUSERS,RIDE,0.296257904346946
HURRY,RIDE,0.24396231824180548
CHAIR,RIDE,0.0540469470723588
PYJAMAS,RIDE,0.06914586915890153
KICK,RIDE,0.35378292582495674
BICYCLE,RIDE,0.26488052187445066
KNEE,RIDE,0.2544213430346006
FAST,RIDE,0.0540469470723588
FALL,RIDE,0.02432110307550328
MOTORCYCLE,RIDE,0.15879524727864325
DANCE,RIDE,0.31613012847678423
JUMPER,RIDE,0.06395556173797734
CAR,RIDE,0.02432110307550328
BOOTS,RIDE,0.1856901685475042
JEANS,RIDE,0.31167123647255046
ASLEEP,RIDE,0.002172371568274545
PLAY,RIDE,0.02432110307550328
HOT,RIDE,0.02432110307550328
JUMP,RIDE,0.3726093244990428
DRIVE,RIDE,0.21258493576931026
RIDE,RIDE,1.0
OUCH,RIDE,0.004503873744266196
GO,RIDE,0.13727949512002036
BATH,RIDE,0.12786629578297726
FOOT,RIDE,0.31167123647255046
BED,RIDE,0.03328602548277193
SOFA,RIDE,0.14086540246410584
BEACH,FALL,0.1035901744475064
CUDDLE,FALL,0.005494704401417083
CHASE,FALL,0.14086540246410584
COLD,FALL,0.07386417640359588
CHAIR,FALL,0.0540469470723588
BICYCLE,FALL,0.26488052187445066
FALL,FALL,1.0
DANCE,FALL,0.31613012847678423
CAR,FALL,0.02432110307550328
BOOTS,FALL,0.1856901685475042
ASLEEP,FALL,0.002172371568274545
DRIVE,FALL,0.21258493576931026
BATH,FALL,0.12786629578297726
BED,FALL,0.03328602548277193
SOFA,FALL,0.14086540246410584
BEACH,PLAY,0.1035901744475064
CUDDLE,PLAY,0.005494704401417083
CHASE,PLAY,0.14086540246410584
COLD,PLAY,0.07386417640359588
LEG,PLAY,0.28789053046565494
TROUSERS,PLAY,0.296257904346946
HURRY,PLAY,0.24396231824180548
CHAIR,PLAY,0.0540469470723588
PYJAMAS,PLAY,0.06914586915890153
KICK,PLAY,0.35378292582495674
BICYCLE,PLAY,0.26488052187445066
KNEE,PLAY,0.2544213430346006
FAST,PLAY,0.0540469470723588
FALL,PLAY,0.02432110307550328
MOTORCYCLE,PLAY,0.15879524727864325
DANCE,PLAY,0.31613012847678423
JUMPER,PLAY,0.06395556173797734
CAR,PLAY,0.02432110307550328
BOOTS,PLAY,0.1856901685475042
JEANS,PLAY,0.31167123647255046
ASLEEP,PLAY,0.002172371568274545
PLAY,PLAY,1.0
HOT,PLAY,0.02432110307550328
JUMP,PLAY,0.3726093244990428
DRIVE,PLAY,0.21258493576931026
OUCH,PLAY,0.004503873744266196
GO,PLAY,0.13727949512002036
BATH,PLAY,0.12786629578297726
FOOT,PLAY,0.31167123647255046
BED,PLAY,0.03328602548277193
SOFA,PLAY,0.14086540246410584
BEACH,CAR,0.1035901744475064
BICYCLE,CAR,0.26488052187445066
CAR,CAR,1.0
BOOTS,CAR,0.1856901685475042
ASLEEP,CAR,0.002172371568274545
BATH,CAR,0.12786629578297726
BED,CAR,0.03328602548277193
BEACH,CUDDLE,0.08212140664062961
CUDDLE,CUDDLE,1.0
CHASE,CUDDLE,0.11815424515941786
COLD,CUDDLE,0.05338639330092487
CHAIR,CUDDLE,0.03422971774112182
BICYCLE,CUDDLE,0.23803551185137906
CAR,CUDDLE,0.005494704401417083
BOOTS,CUDDLE,0.16148475481023483
BATH,CUDDLE,0.10558831879668296
BED,CUDDLE,0.014160775522169433
SOFA,CUDDLE,0.11815424515941786
BEACH,OUCH,0.0809914714928992
CHASE,OUCH,0.11695884001335277
COLD,OUCH,0.05230868010480738
LEG,OUCH,0.25882524024023323
HURRY,OUCH,0.21643842284776615
CHAIR,OUCH,0.03318666513235802
KICK,OUCH,0.3224055433524614
BICYCLE,OUCH,0.23662259226378768
KNEE,OUCH,0.22653050755577697
FAST,OUCH,0.03318666513235802
FALL,OUCH,0.004503873744266196
MOTORCYCLE,OUCH,0.1342597107027118
DANCE,OUCH,0.28607400759421175
JUMPER,OUCH,0.042747749642110144
CAR,OUCH,0.004503873744266196
BOOTS,OUCH,0.16021078566616798
JEANS,OUCH,0.28177147335070674
HOT,OUCH,0.004503873744266196
JUMP,OUCH,0.34057138825511357
DRIVE,OUCH,0.18616201467667903
OUCH,OUCH,1.0
GO,OUCH,0.11349878911312494
BATH,OUCH,0.1044158666617987
FOOT,OUCH,0.28177147335070674
BED,OUCH,0.013154232065418214
SOFA,OUCH,0.11695884001335277
BEACH,PUSH,0.06969212001559577
CHASE,PUSH,0.10500555878797624
COLD,PUSH,0.04153077790835835
LEG,PUSH,0.24429259512752244
TROUSERS,PUSH,0.2522195484788393
HURRY,PUSH,0.20267632110369171
CHAIR,PUSH,0.022756601185885073
PYJAMAS,PUSH,0.03706079451617128
KICK,PUSH,0.30671692913974113
BICYCLE,PUSH,0.2224935504349287
KNEE,PUSH,0.21258493576931026
FAST,PUSH,0.022756601185885073
PUSH,PUSH,1.0
MOTORCYCLE,PUSH,0.12199186539121865
DANCE,PUSH,0.2710459471529254
JUMPER,PUSH,0.0321437665706491
BOOTS,PUSH,0.14747124827255487
JEANS,PUSH,0.26682166881331226
JUMP,PUSH,0.32455249715667644
DRIVE,PUSH,0.1729504771068361
GO,PUSH,0.10160835908614974
BATH,PUSH,0.09269057507768208
FOOT,PUSH,0.26682166881331226
BED,PUSH,0.0030883353567413563
SOFA,PUSH,0.10500555878797624
BEACH,OUTSIDE,0.06570414985820738
CHASE,OUTSIDE,0.1007868261423398
COLD,OUTSIDE,0.0377268939815818
LEG,OUTSIDE,0.23916344438739567
HURRY,OUTSIDE,0.19781921746252762
CHAIR,OUTSIDE,0.01907533871481315
OUTSIDE,OUTSIDE,1.0
KICK,OUTSIDE,0.3011797077511703
BICYCLE,OUTSIDE,0.21750689322058936
KNEE,OUTSIDE,0.20766313236508593
FAST,OUTSIDE,0.01907533871481315
MOTORCYCLE,OUTSIDE,0.11766206481899544
DANCE,OUTSIDE,0.2657417989584262
JUMPER,OUTSIDE,0.028401193371724975
BOOTS,OUTSIDE,0.14297476878692406
JEANS,OUTSIDE,0.26154524908869625
JUMP,OUTSIDE,0.31889866214754226
DRIVE,OUTSIDE,0.16828762680190767
GO,OUTSIDE,0.09741180921641956
BATH,OUTSIDE,0.0885522549947062
FOOT,OUTSIDE,0.26154524908869625
SOFA,OUTSIDE,0.1007868261423398
BEACH,STOP,0.06269730539351093
CHASE,STOP,0.09760606255265514
COLD,STOP,0.034858845913354974
LEG,STOP,0.23529624712105313
TROUSERS,STOP,0.24313215866292082
HURRY,STOP,0.19415705682626405
CHAIR,STOP,0.016299872926584413
ROCKING CHAIR,STOP,0.05898554160556768
SHORTS,STOP,0.06269730539351093
RUN,STOP,0.3330685264459511
PYJAMAS,STOP,0.03044000614339648
KICK,STOP,0.29700487851618174
BICYCLE,STOP,0.21374706675151578
KNEE,STOP,0.20395213881241736
FAST,STOP,0.016299872926584413
MOTORCYCLE,STOP,0.11439749963144241
SOCK,STOP,0.31463602609125774
DANCE,STOP,0.2617427374130846
JUMPER,STOP,0.025579359419969694
BOOTS,STOP,0.13958465524962327
JEANS,STOP,0.2575669838957668
STAIRS,STOP,0.1740514514082443
JUMP,STOP,0.31463602609125774
DRIVE,STOP,0.1647719649148589
GO,STOP,0.09424768270866479
STOP,STOP,1.0
BATH,STOP,0.08543218594465429
SHOES,STOP,0.20003410601795601
FOOT,STOP,0.2575669838957668
SOFA,STOP,0.09760606255265514
BEACH,BUMP,0.052474126641775753
BICYCLE,BUMP,0.20096377999430948
BUMP,BUMP,1.0
BOOTS,BUMP,0.12805839246044415
BATH,BUMP,0.074823581461546
BEACH,NAP,0.052474126641775753
CHASE,NAP,0.08679118906302885
COLD,NAP,0.025107513290794747
LEG,NAP,0.2221475607496114
HURRY,NAP,0.18170574147237872
CHAIR,NAP,0.006863104390140706
NAP,NAP,1.0
KICK,NAP,0.2828103666889882
BICYCLE,NAP,0.20096377999430948
KNEE,NAP,0.1913347607333441
FAST,NAP,0.006863104390140706
MOTORCYCLE,NAP,0.10329810123140593
DANCE,NAP,0.24814592815892345
JUMPER,NAP,0.015985308840467782
BOOTS,NAP,0.12805839246044415
JEANS,NAP,0.24404088223980724
JUMP,NAP,0.30014266297754777
DRIVE,NAP,0.15281868368948248
GO,NAP,0.08348980662935335
BATH,NAP,0.074823581461546
FOOT,NAP,0.24404088223980724
SOFA,NAP,0.08679118906302885
BEACH,HURT,0.04991833195384188
CHASE,HURT,0.08408735515533106
COLD,HURT,0.02266971864691847
HURRY,HURT,0.1785929126339073
CHAIR,HURT,0.004503873744266196
BICYCLE,HURT,0.19776791979324426
FAST,HURT,0.004503873744266196
DANCE,HURT,0.24474672584538326
BOOTS,HURT,0.12517678825138567
HURT,HURT,1.0
DRIVE,HURT,0.1498303248713746
GO,HURT,0.08080029909776176
BATH,HURT,0.07217150736429645
FOOT,HURT,0.24065939533758107
SOFA,HURT,0.08408735515533106
BEACH,SNOW,0.04503919958382652
CHASE,SNOW,0.07892585453367418
COLD,SNOW,0.018015649024119562
LEG,SNOW,0.21258493576931026
TROUSERS,SNOW,0.2201916252934789
HURRY,SNOW,0.17265023939682567
ROCKING CHAIR,SNOW,0.04143603896959158
SHORTS,SNOW,0.04503919958382652
RUN,SNOW,0.3074948667670129
PYJAMAS,SNOW,0.013726208780281635
KICK,SNOW,0.2724872113986194
BICYCLE,SNOW,0.19166673213666496
SNOW,SNOW,1.0
KNEE,SNOW,0.18215848576674532
FAST,SNOW,0.0
MOTORCYCLE,SNOW,0.09522572746025859
DANCE,SNOW,0.2382573396104427
JUMPER,SNOW,0.00900774748853228
BOOTS,SNOW,0.11967561387366266
JEANS,SNOW,0.23420374540766475
JUMP,SNOW,0.28960199324565283
DRIVE,SNOW,0.14412534624001172
GO,SNOW,0.0756657567107133
BATH,SNOW,0.06710828876366914
SHOES,SNOW,0.17835521802818843
FOOT,SNOW,0.23420374540766475
SOFA,SNOW,0.07892585453367418
BEACH,HORSE,0.03918402507393104
CHASE,HORSE,0.07273177650298701
COLD,HORSE,0.012430827095582964
BICYCLE,HORSE,0.18434533775818085
DANCE,HORSE,0.23047010693792502
BOOTS,HORSE,0.11307408138275099
DRIVE,HORSE,0.13727949512002036
GO,HORSE,0.06950449070272102
BATH,HORSE,0.061032518871149355
FOOT,HORSE,0.22645702711058713
SOFA,HORSE,0.07273177650298701
BEACH,ZOO,0.03753264064534623
CHASE,ZOO,0.07098488290036098
COLD,ZOO,0.010855541912121347
LEG,ZOO,0.20293049874428548
TROUSERS,ZOO,0.21043952243564412
HURRY,ZOO,0.16350770073525112
ROCKING CHAIR,ZOO,0.03397569414758295
SHORTS,ZOO,0.03753264064534623
RUN,ZOO,0.2966236120552912
SWIM,ZOO,0.14424088153119075
PYJAMAS,ZOO,0.0066210964668845795
TOE,ZOO,0.17758729345948554
KICK,ZOO,0.262064541710782
BICYCLE,ZOO,0.1822803369871755
KNEE,ZOO,0.1728940958847408
MOTORCYCLE,ZOO,0.08707571397343883
SOCK,ZOO,0.2789601145986851
DANCE,ZOO,0.2282737040290853
YOU,ZOO,0.010855541912121347
JUMPER,ZOO,0.0019631756677130907
BOOTS,ZOO,0.11121211463011071
JEANS,ZOO,0.22427202368381038
WALK,ZOO,0.29541095363907677
STAIRS,ZOO,0.14424088153119075
JUMP,ZOO,0.2789601145986851
DRIVE,ZOO,0.13534851528678238
GO,ZOO,0.06776668587633439
BATH,ZOO,0.05931889943238278
SHOES,ZOO,0.16913950701553393
FOOT,ZOO,0.22427202368381038
SOFA,ZOO,0.07098488290036098
BEACH,PARK,0.02844971819402009
CHASE,PARK,0.06137619785064308
COLD,PARK,0.0021917814971925687
LEG,PARK,0.19124849438259717
TROUSERS,PARK,0.19863951802989843
HURRY,PARK,0.152445119581337
KICK,PARK,0.24945332551390476
BICYCLE,PARK,0.17092290977017255
KNEE,PARK,0.16168409169928233
MOTORCYCLE,PARK,0.07721423770662139
DANCE,PARK,0.2161933339834119
BOOTS,PARK,0.10097137451411631
JEANS,PARK,0.2122546588835933
JUMP,PARK,0.26608332127915124
DRIVE,PARK,0.12472851132161134
GO,PARK,0.05820868230768028
BATH,PARK,0.04989368442505704
FOOT,PARK,0.2122546588835933
SOFA,PARK,0.06137619785064308
BEACH,CLEAN,0.024495022200491268
CHASE,CLEAN,0.057192587933524996
BICYCLE,CLEAN,0.16597769121360273
BOOTS,CLEAN,0.09651248250988254
BATH,CLEAN,0.04578987088237996
BEACH,BRING,0.024495022200491268
BICYCLE,BRING,0.16597769121360273
BOOTS,BRING,0.09651248250988254
BATH,BRING,0.04578987088237996
BEACH,TOWEL,0.021804590386570233
CHASE,TOWEL,0.05434656859414966
LEG,TOWEL,0.18270180972939631
TROUSERS,TOWEL,0.19000656702595065
HURRY,TOWEL,0.14435179541072252
ROCKING CHAIR,TOWEL,0.018344539486342404
SHORTS,TOWEL,0.021804590386570233
RUN,TOWEL,0.2738454442817194
SWIM,TOWEL,0.12560935238155968
TOE,TOWEL,0.1580482731094074
KICK,TOWEL,0.24022698525446184
BICYCLE,TOWEL,0.1626137656756358
KNEE,TOWEL,0.1534827805431791
MOTORCYCLE,TOWEL,0.06999959793718669
SOCK,TOWEL,0.25666272768347276
DANCE,TOWEL,0.20735550039644013
BOOTS,TOWEL,0.09347929599879723
JEANS,TOWEL,0.2034627313189833
STAIRS,TOWEL,0.12560935238155968
JUMP,TOWEL,0.25666272768347276
DRIVE,TOWEL,0.11695884001335277
GO,TOWEL,0.05121602434436423
BATH,TOWEL,0.04299807610633122
SHOES,TOWEL,0.1498303248713746
FOOT,TOWEL,0.2034627313189833
SOFA,TOWEL,0.05434656859414966
BEACH,HOUSE,0.01158141163483517
CHASE,HOUSE,0.04353169510452326
BICYCLE,HOUSE,0.1498303248713746
DANCE,HOUSE,0.19375853709522406
BOOTS,HOUSE,0.08195287916256322
DRIVE,HOUSE,0.10500555878797624
GO,HOUSE,0.040457994217997784
BATH,HOUSE,0.03238962567027803
FOOT,HOUSE,0.1899367837100785
SOFA,HOUSE,0.04353169510452326
BEACH,ME,0.008173736733275039
CHASE,ME,0.039926685925629424
LEG,ME,0.165170330598844
HURRY,ME,0.12774999025652378
KICK,ME,0.22130091813585195
BICYCLE,ME,0.1455692292856392
KNEE,ME,0.1366596097710815
DANCE,ME,0.18922631869285522
BOOTS,ME,0.07811079156617018
JEANS,ME,0.18542798046005537
JUMP,ME,0.23733814083382276
DRIVE,ME,0.10102128575990565
GO,ME,0.0368720868739123
BATH,ME,0.028853321477872007
FOOT,ME,0.18542798046005537
SOFA,ME,0.039926685925629424
BEACH,UP,0.006980950387143303
CHASE,UP,0.03866504054595499
LEG,UP,0.16363633002609712
TROUSERS,UP,0.17074852850401978
HURRY,UP,0.1262973265287668
ROCKING CHAIR,UP,0.0036120953434194414
SHORTS,UP,0.006980950387143303
RUN,UP,0.2523771386160074
SWIM,UP,0.10804906645174017
TOE,UP,0.1396327179307537
KICK,UP,0.21964491229562
BICYCLE,UP,0.14407789974710095
KNEE,UP,0.13518769016146137
MOTORCYCLE,UP,0.05390537782890081
SOCK,UP,0.23564732035918223
DANCE,UP,0.18764009616849542
BOOTS,UP,0.07676611482390183
JEANS,UP,0.18384992242960552
STAIRS,UP,0.10804906645174017
JUMP,UP,0.23564732035918223
DRIVE,UP,0.09962669777184796
GO,UP,0.03561691147054391
BATH,UP,0.02761570743876285
SHOES,UP,0.13163151389897254
FOOT,UP,0.18384992242960552
SOFA,UP,0.03866504054595499
BEACH,WET,0.0013582328830999968
CHASE,WET,0.03271682161489686
LEG,WET,0.15640459103356796
TROUSERS,WET,0.16344377120746545
HURRY,WET,0.11944916470295186
SHORTS,WET,0.0013582328830999968
RUN,WET,0.24423390319960359
SWIM,WET,0.10138822584468998
TOE,WET,0.13264760827312794
KICK,WET,0.2118379616000744
BICYCLE,WET,0.13704703811416818
KNEE,WET,0.12824802438503258
MOTORCYCLE,WET,0.04780080113711371
SOCK,WET,0.2276760014560527
DANCE,WET,0.18016172784106288
BOOTS,WET,0.07042661637338421
JEANS,WET,0.1764106820541188
WALK,WET,0.24309734402851224
STAIRS,WET,0.10138822584468998
JUMP,WET,0.2276760014560527
DRIVE,WET,0.0930524316096546
GO,WET,0.029700118138686338
BATH,WET,0.021781021187169736
SHOES,WET,0.12472851132161134
FOOT,WET,0.1764106820541188
SOFA,WET,0.03271682161489686
CHASE,TICKLE,0.027309461893611053
LEG,TICKLE,0.1498303248713746
TROUSERS,TICKLE,0.15680311076460796
HURRY,TICKLE,0.11322350702600914
RUN,TICKLE,0.23683117197612946
SWIM,TICKLE,0.09533294421047267
KICK,TICKLE,0.20474070568647762
BICYCLE,TICKLE,0.13065531771203764
KNEE,TICKLE,0.12193948939255095
MOTORCYCLE,TICKLE,0.04225094789004058
SOCK,TICKLE,0.22042931989919778
DANCE,TICKLE,0.1733633232139823
BOOTS,TICKLE,0.06466340795526715
JEANS,TICKLE,0.16964755420261168
STAIRS,TICKLE,0.09533294421047267
JUMP,TICKLE,0.22042931989919778
DRIVE,TICKLE,0.08707571397343883
GO,TICKLE,0.02432110307550328
BATH,TICKLE,0.016476718945615754
SHOES,TICKLE,0.11845309644593416
FOOT,TICKLE,0.16964755420261168
SOFA,TICKLE,0.027309461893611053
CHASE,PERSON,0.021901948125270354
LEG,PERSON,0.14325605870918112
TROUSERS,PERSON,0.15016245032175035
HURRY,PERSON,0.10699784934906642
KICK,PERSON,0.19764344977288062
BICYCLE,PERSON,0.1242635973099071
KNEE,PERSON,0.11563080035301421
MOTORCYCLE,PERSON,0.03670124869002234
DANCE,PERSON,0.1665649185869017
BOOTS,PERSON,0.0589001995371502
JEANS,PERSON,0.16288458039815923
JUMP,PERSON,0.21318263834234275
DRIVE,PERSON,0.08109915038427806
GO,PERSON,0.018942088012320113
BATH,PERSON,0.01117257075111644
FOOT,PERSON,0.16288458039815923
SOFA,PERSON,0.021901948125270354
CHASE,BATH (FURNITURE),0.009379463032018753
LEG,BATH (FURNITURE),0.12803143422583574
TROUSERS,BATH (FURNITURE),0.13478393283055456
TROUSERS,BATH (FURNITURE),0.12043475776023593
HURRY,BATH (FURNITURE),0.09258058548047965
RUN,BATH (FURNITURE),0.21228469805929984
SWIM,BATH (FURNITURE),0.07525491321528088
TOE,BATH (FURNITURE),0.10524155887609121
KICK,BATH (FURNITURE),0.18120770734386982
BICYCLE,BATH (FURNITURE),0.10946183199227666
KNEE,BATH (FURNITURE),0.10102128575990565
MOTORCYCLE,BATH (FURNITURE),0.023849256946328223
SOCK,BATH (FURNITURE),0.19640090622801454
DANCE,BATH (FURNITURE),0.15082115552852537
BOOTS,BATH (FURNITURE),0.045553870794265094
JEANS,BATH (FURNITURE),0.14722277037299258
WALK,BATH (FURNITURE),0.21119435300468015
STAIRS,BATH (FURNITURE),0.07525491321528088
JUMP,BATH (FURNITURE),0.19640090622801454
DRIVE,BATH (FURNITURE),0.06725848464220185
GO,BATH (FURNITURE),0.0064855350585678595
SHOES,BATH (FURNITURE),0.0976448824104913
FOOT,BATH (FURNITURE),0.14722277037299258
SOFA,BATH (FURNITURE),0.009379463032018753
CHASE,SUN,0.007270096709200646
LEG,SUN,0.12546685885577236
TROUSERS,SUN,0.132193477555267
HURRY,SUN,0.09015187961284277
RUN,SUN,0.2093969319680451
KICK,SUN,0.1784390196260569
BICYCLE,SUN,0.10696858040863444
KNEE,SUN,0.09856023001073855
MOTORCYCLE,SUN,0.021684433683744064
SOCK,SUN,0.19357398872344744
DANCE,SUN,0.14816923547833072
BOOTS,SUN,0.043305708074977134
JEANS,SUN,0.14458456051068447
STAIRS,SUN,0.07289275567536313
JUMP,SUN,0.19357398872344744
DRIVE,SUN,0.06492698246621009
GO,SUN,0.00438726012370283
SHOES,SUN,0.09519692066099128
FOOT,SUN,0.14458456051068447
SOFA,SUN,0.007270096709200646
LEG,SOAP,0.10841230940720681
TROUSERS,SOAP,0.11496670349931748
HURRY,SOAP,0.07400189447068128
RUN,SOAP,0.19019296396238605
KICK,SOAP,0.16002793181199537
BICYCLE,SOAP,0.09038772565390274
KNEE,SOAP,0.08219488708581946
MOTORCYCLE,SOAP,0.0072876580734597685
DANCE,SOAP,0.13053331244455268
BOOTS,SOAP,0.0283552873493631
JEANS,SOAP,0.12704060356868485
JUMP,SOAP,0.17477531851924422
DRIVE,SOAP,0.049422916625266544
SHOES,SOAP,0.07891769003976423
FOOT,SOAP,0.12704060356868485
LEG,POOL,0.10841230940720681
TROUSERS,POOL,0.11496670349931748
HURRY,POOL,0.07400189447068128
KICK,POOL,0.16002793181199537
BICYCLE,POOL,0.09038772565390274
KNEE,POOL,0.08219488708581946
MOTORCYCLE,POOL,0.0072876580734597685
DANCE,POOL,0.13053331244455268
BOOTS,POOL,0.0283552873493631
JEANS,POOL,0.12704060356868485
JUMP,POOL,0.17477531851924422
DRIVE,POOL,0.049422916625266544
FOOT,POOL,0.12704060356868485
LEG,PARTY,0.09066177536457931
TROUSERS,PARTY,0.09703685868478018
HURRY,PARTY,0.057192587933524996
KICK,PARTY,0.14086540246410584
BICYCLE,PARTY,0.07313029623402711
KNEE,PARTY,0.06516144208377594
DANCE,PARTY,0.1121775275232022
BOOTS,PARTY,0.01279468623926927
JEANS,PARTY,0.1087803278213757
JUMP,PARTY,0.15520933993455777
DRIVE,PARTY,0.03328602548277193
FOOT,PARTY,0.1087803278213757
LEG,SHOP,0.05536820866228154
TROUSERS,SHOP,0.061386673050376594
HURRY,SHOP,0.023770692948326566
RUN,SHOP,0.13046352912868053
KICK,SHOP,0.1027643281861591
BICYCLE,SHOP,0.0388170849891466
KNEE,SHOP,0.03129388896873664
DANCE,SHOP,0.07568085332209407
JEANS,SHOP,0.07247359363896566
JUMP,SHOP,0.11630614264171901
DRIVE,SHOP,0.0012009508400416813
SHOES,SHOP,0.02828457975116161
FOOT,SHOP,0.07247359363896566
LEG,LIVING ROOM,0.05121602434436423
HURRY,LIVING ROOM,0.0198386418718689
KICK,LIVING ROOM,0.09828186698252472
BICYCLE,LIVING ROOM,0.03478028191535332
KNEE,LIVING ROOM,0.027309461893611053
DANCE,LIVING ROOM,0.07138709976071866
JEANS,LIVING ROOM,0.06820217690055164
JUMP,LIVING ROOM,0.11172940464048264
FOOT,LIVING ROOM,0.06820217690055164
LEG,SCHOOL,0.02557627847887156
TROUSERS,SCHOOL,0.03129388896873664
RUN,SCHOOL,0.0969168560290089
KICK,SCHOOL,0.07060269215714099
BICYCLE,SCHOOL,0.009852695584687932
KNEE,SCHOOL,0.0027056824723565853
DANCE,SCHOOL,0.044873290905693475
JEANS,SCHOOL,0.04182639420672152
JUMP,SCHOOL,0.08346731575933719
FOOT,SCHOOL,0.04182639420672152
LEG,LORRY,0.0237754684070286
TROUSERS,LORRY,0.029474901344414883
RUN,LORRY,0.09488913464529047
TOE,LORRY,0.004539766708059112
KICK,LORRY,0.06865861832423603
BICYCLE,LORRY,0.008101950805689206
KNEE,LORRY,0.0009775826104290175
SOCK,LORRY,0.0814824194568824
DANCE,LORRY,0.04301101605894331
JEANS,LORRY,0.03997382432443042
JUMP,LORRY,0.0814824194568824
FOOT,LORRY,0.03997382432443042
LEG,SPLASH,0.011770119277094149
TROUSERS,SPLASH,0.017348317182269923
RUN,SPLASH,0.08137073534207617
KICK,SPLASH,0.0556984855479985
SOCK,SPLASH,0.06824931529935274
DANCE,SPLASH,0.030596517951180346
JEANS,SPLASH,0.027624025979727684
JUMP,SPLASH,0.06824931529935274
FOOT,SPLASH,0.027624025979727684
LEG,PUSHCHAIR,0.011770119277094149
TROUSERS,PUSHCHAIR,0.017348317182269923
KICK,PUSHCHAIR,0.0556984855479985
DANCE,PUSHCHAIR,0.030596517951180346
JEANS,PUSHCHAIR,0.027624025979727684
FOOT,PUSHCHAIR,0.027624025979727684
TROUSERS,PEOPLE,0.0009419977407458813
KICK,PEOPLE,0.03816407952340306
DANCE,PEOPLE,0.013800459460745929
JEANS,PEOPLE,0.010915312169424651
JUMP,PEOPLE,0.05034581253120407
FOOT,PEOPLE,0.010915312169424651
RUN,WAIT,0.05027864801526538
KICK,WAIT,0.02588991828265874
SOCK,WAIT,0.03781331437938373
DANCE,WAIT,0.0020432801362638697
JUMP,WAIT,0.03781331437938373
RUN,WATER,0.04864220615100645
KICK,WATER,0.02432110307550328
SOCK,WATER,0.03621153310247838
DANCE,WATER,0.0005403970686077564
WALK,WATER,0.047788939513885964
JUMP,WATER,0.03621153310247838
KICK,OLD,0.042149122786748205
DANCE,OLD,0.01761774548129924
JEANS,OLD,0.014712726119895159
JUMP,OLD,0.05441481143947269
FOOT,OLD,0.014712726119895159
KICK,RAIN,0.02432110307550328
DANCE,RAIN,0.0005403970686077564
JUMP,RAIN,0.03621153310247838
BICYCLE,BLANKET,0.13065531771203764
BATH,BLANKET,0.016476718945615754
BICYCLE,BUS,0.11723288972402934
BOOTS,BUS,0.05256070108663258
BATH,BUS,0.005337884499523438
BICYCLE,HER,0.07696529766589444
DANCE,HER,0.11625669353709445
BOOTS,HER,0.01625273452778342
DRIVE,HER,0.0368720868739123
FOOT,HER,0.11283823534169102
BICYCLE,DIRTY,0.06707501459980958
DANCE,DIRTY,0.10573697420466655
BOOTS,DIRTY,0.007334950519315764
BICYCLE,HELP,0.04756356867255962
DANCE,HELP,0.08498390901487984
DRIVE,HELP,0.009379463032018753
FOOT,HELP,0.08172827855651121
BICYCLE,GARDEN,0.0388170849891466
DANCE,GARDEN,0.07568085332209407
DRIVE,GARDEN,0.0012009508400416813
FOOT,GARDEN,0.07247359363896566
BICYCLE,CHURCH,0.02468804316028761
DANCE,IN,0.030596517951180346
FOOT,IN,0.027624025979727684
DANCE,GARAGE,0.014733522472307303
FOOT,GARAGE,0.011843599722283993
ASLEEP,ASLEEP,1.0
ASLEEP,BATH,0.10165703795549985
BATH,BATH,1.0
JUMP,PUPPY,0.007377313459414614
BATH,BATHROOM,0.04578987088237996
AEROPLANE,AEROPLANE,0.0
AGAIN,AGAIN,0.0
ALL,ALL,0.0
ALL GONE,ALL GONE,0.0
ANIMAL,ANIMAL,0.0
ANOTHER,ANOTHER,0.0
APPLE,APPLE,0.0
ARM,ARM,0.0
AUNT,AUNT,0.0
AWAY,AWAY,0.0
BAA BAA,BAA BAA,0.0
BABY,BABY,0.0
BABYSITTER,BABYSITTER,0.0
BACK (PLACE),BACK (PLACE),0.0
BAD,BAD,0.0
BALLOON,BALLOON,0.0
BANANA,BANANA,0.0
BASKET,BASKET,0.0
BEAR,BEAR,0.0
BEE,BEE,0.0
BELLY BUTTON,BELLY BUTTON,0.0
BIB,BIB,0.0
BIG,BIG,0.0
BIRD,BIRD,0.0
BISCUIT,BISCUIT,0.0
BITE,BITE,0.0
BLOW,BLOW,0.0
BLUE,BLUE,0.0
BOAT,BOAT,0.0
BOOK,BOOK,0.0
BOTTLE,BOTTLE,0.0
BOWL,BOWL,0.0
BOX,BOX,0.0
BOY,BOY,0.0
BREAD,BREAD,0.0
BREAKFAST,BREAKFAST,0.0
BROKEN,BROKEN,0.0
BROOM,BROOM,0.0
BROTHER,BROTHER,0.0
BRUSH (OBJECT),BRUSH (OBJECT),0.0
BUBBLES,BUBBLES,0.0
BUCKET,BUCKET,0.0
BUTTER,BUTTER,0.0
BUTTERFLY,BUTTERFLY,0.0
BUTTON,BUTTON,0.0
BYE BYE,BYE BYE,0.0
CAKE,CAKE,0.0
CALL,CALL,0.0
CAREFUL,CAREFUL,0.0
CARROTS,CARROTS,0.0
CAT,CAT,0.0
CATCH,CATCH,0.0
CEREAL,CEREAL,0.0
CHEEK,CHEEK,0.0
CHEESE,CHEESE,0.0
CHICKEN,CHICKEN,0.0
CHICKEN (ANIMAL),CHICKEN (ANIMAL),0.0
CHILD,CHILD,0.0
CHIPS,CHIPS,0.0
CHOO CHOO,CHOO CHOO,0.0
CLEAN (ACTION),CLEAN (ACTION),0.0
CLOCK,CLOCK,0.0
CLOSE,CLOSE,0.0
COAT,COAT,0.0
COCKADOODLEDOO,COCKADOODLEDOO,0.0
COFFEE,COFFEE,0.0
COMB (OBJECT),COMB (OBJECT),0.0
COOKER,COOKER,0.0
COW,COW,0.0
CRY,CRY,0.0
CUP,CUP,0.0
CUT,CUT,0.0
DADDY,DADDY,0.0
DARK,DARK,0.0
DAY,DAY,0.0
DEER,DEER,0.0
DINNER,DINNER,0.0
DISH,DISH,0.0
DOCTOR,DOCTOR,0.0
DOG,DOG,0.0
DOLL,DOLL,0.0
DON'T,DON'T,0.0
DONKEY,DONKEY,0.0
DOOR,DOOR,0.0
DOWN,DOWN,0.0
DRAW,DRAW,0.0
DRAWER,DRAWER,0.0
DRESS (OBJECT),DRESS (OBJECT),0.0
DRINK,DRINK,0.0
DRINK (ACTION),DRINK (ACTION),0.0
DROP,DROP,0.0
DRY (DESCRIPTION),DRY (DESCRIPTION),0.0
DUCK,DUCK,0.0
DUMMY,DUMMY,0.0
EAR,EAR,0.0
EAT,EAT,0.0
EGG,EGG,0.0
ELEPHANT,ELEPHANT,0.0
EMPTY,EMPTY,0.0
EYE,EYE,0.0
FACE,FACE,0.0
FEED,FEED,0.0
FIND,FIND,0.0
FINE,FINE,0.0
FINGER,FINGER,0.0
FINISH,FINISH,0.0
FIRE ENGINE,FIRE ENGINE,0.0
FISH,FISH,0.0
FISH (FOOD),FISH (FOOD),0.0
FLOWER,FLOWER,0.0
FOOD,FOOD,0.0
FORK,FORK,0.0
FRIDGE,FRIDGE,0.0
FRIEND,FRIEND,0.0
FROG,FROG,0.0
GET,GET,0.0
GIRAFFE,GIRAFFE,0.0
GIRL,GIRL,0.0
GIVE,GIVE,0.0
GLASS,GLASS,0.0
GLASSES,GLASSES,0.0
GOOD,GOOD,0.0
GOODNIGHT,GOODNIGHT,0.0
GOOSE,GOOSE,0.0
GRANDMA,GRANDMA,0.0
GRANDPA,GRANDPA,0.0
GREEN,GREEN,0.0
GRR,GRR,0.0
HAIR,HAIR,0.0
HAMMER,HAMMER,0.0
HAND,HAND,0.0
HAPPY,HAPPY,0.0
HARD,HARD,0.0
HAT,HAT,0.0
HAVE,HAVE,0.0
HEAD,HEAD,0.0
HEAR,HEAR,0.0
HELLO,HELLO,0.0
HI,HI,0.0
HIGH CHAIR,HIGH CHAIR,0.0
HIS,HIS,0.0
HIT,HIT,0.0
HOOVER,HOOVER,0.0
HOW,HOW,0.0
HUG,HUG,0.0
HUNGRY,HUNGRY,0.0
I,I,0.0
ICE CREAM,ICE CREAM,0.0
IT,IT,0.0
JACKET,JACKET,0.0
JAM,JAM,0.0
JUG,JUG,0.0
JUICE,JUICE,0.0
KEY,KEY,0.0
KISS,KISS,0.0
KITCHEN,KITCHEN,0.0
KITTEN,KITTEN,0.0
KNOW,KNOW,0.0
LADY,LADY,0.0
LAMB,LAMB,0.0
LAMP,LAMP,0.0
LATER,LATER,0.0
LIGHT (OBJECT),LIGHT (OBJECT),0.0
LIKE,LIKE,0.0
LION,LION,0.0
LITTLE (DESCRIPTION),LITTLE (DESCRIPTION),0.0
LOOK,LOOK,0.0
LOVE,LOVE,0.0
LUNCH,LUNCH,0.0
MAKE,MAKE,0.0
MAN,MAN,0.0
MEAT,MEAT,0.0
MEDICINE,MEDICINE,0.0
MEOW,MEOW,0.0
MILK,MILK,0.0
MINE,MINE,0.0
MONEY,MONEY,0.0
MONKEY,MONKEY,0.0
MOO,MOO,0.0
MOON,MOON,0.0
MORE,MORE,0.0
MORNING,MORNING,0.0
MOUSE,MOUSE,0.0
MOUTH,MOUTH,0.0
MUG,MUG,0.0
MUMMY,MUMMY,0.0
NAIL (BODY PART),NAIL (BODY PART),0.0
NAPPY,NAPPY,0.0
NASTY,NASTY,0.0
NAUGHTY,NAUGHTY,0.0
NECKLACE,NECKLACE,0.0
NICE,NICE,0.0
NIGHT,NIGHT,0.0
NO,NO,0.0
NONE,NONE,0.0
NOSE,NOSE,0.0
NOT,NOT,0.0
NOW,NOW,0.0
OFF,OFF,0.0
ON,ON,0.0
OPEN,OPEN,0.0
ORANGE (FOOD),ORANGE (FOOD),0.0
OTHER,OTHER,0.0
OUT,OUT,0.0
OWL,OWL,0.0
PAPER,PAPER,0.0
PASTA,PASTA,0.0
PATTYCAKE,PATTYCAKE,0.0
PEAS,PEAS,0.0
PEEKABOO,PEEKABOO,0.0
PEN,PEN,0.0
PENGUIN,PENGUIN,0.0
PENNY,PENNY,0.0
PHONE,PHONE,0.0
PICTURE,PICTURE,0.0
PIG,PIG,0.0
PILLOW,PILLOW,0.0
PIZZA,PIZZA,0.0
PLANT,PLANT,0.0
PLATE,PLATE,0.0
PLAY PEN,PLAY PEN,0.0
PLEASE,PLEASE,0.0
POLICE,POLICE,0.0
PONY,PONY,0.0
POTTY,POTTY,0.0
PRETTY,PRETTY,0.0
PULL,PULL,0.0
PURSE,PURSE,0.0
PUSHCHAIR,PUSHCHAIR,0.0
PUT,PUT,0.0
QUACK,QUACK,0.0
RABBIT,RABBIT,0.0
RADIO,RADIO,0.0
READ,READ,0.0
RED,RED,0.0
RUBBISH,RUBBISH,0.0
SAD,SAD,0.0
SAME,SAME,0.0
SAY,SAY,0.0
SCARED,SCARED,0.0
SCISSORS,SCISSORS,0.0
SCRATCH,SCRATCH,0.0
SEE,SEE,0.0
SHEEP,SHEEP,0.0
SHH,SHH,0.0
SHIRT,SHIRT,0.0
SHOW,SHOW,0.0
SICK,SICK,0.0
SING,SING,0.0
SINK,SINK,0.0
SISTER,SISTER,0.0
SKY,SKY,0.0
SLEEP,SLEEP,0.0
SLEEPY,SLEEPY,0.0
SLIDE (OBJECT),SLIDE (OBJECT),0.0
SMELL,SMELL,0.0
SMILE,SMILE,0.0
SOFT,SOFT,0.0
SOME,SOME,0.0
SPADE,SPADE,0.0
SPIDER,SPIDER,0.0
SPOON,SPOON,0.0
SQUIRREL,SQUIRREL,0.0
STAR,STAR,0.0
STONE,STONE,0.0
SWEETS,SWEETS,0.0
SWING (ACTION),SWING (ACTION),0.0
SWING (OBJECT),SWING (OBJECT),0.0
TABLE,TABLE,0.0
TAKE,TAKE,0.0
TEA,TEA,0.0
TEA (DRINK),TEA (DRINK),0.0
TEACHER,TEACHER,0.0
TEDDY,TEDDY,0.0
TELL,TELL,0.0
THANK YOU,THANK YOU,0.0
THAT,THAT,0.0
THERE,THERE,0.0
THIRSTY,THIRSTY,0.0
THIS,THIS,0.0
THROW,THROW,0.0
TIGER,TIGER,0.0
TOAST,TOAST,0.0
TODAY,TODAY,0.0
TOMORROW,TOMORROW,0.0
TONGUE,TONGUE,0.0
TONIGHT,TONIGHT,0.0
TOOTH,TOOTH,0.0
TOOTHBRUSH,TOOTHBRUSH,0.0
TOY (OBJECT),TOY (OBJECT),0.0
TRAIN,TRAIN,0.0
TREE,TREE,0.0
TUMMY,TUMMY,0.0
TURKEY,TURKEY,0.0
TURTLE,TURTLE,0.0
TV,TV,0.0
UHOH,UHOH,0.0
UNCLE,UNCLE,0.0
UNDER,UNDER,0.0
VROOM,VROOM,0.0
WALL,WALL,0.0
WANT TO,WANT TO,0.0
WASH,WASH,0.0
WATCH (ACTION),WATCH (ACTION),0.0
WATCH (OBJECT),WATCH (OBJECT),0.0
WATER,WATER,0.0
WATER (OUTSIDE),WATER (OUTSIDE),0.0
WET,WET,0.0
WHAT,WHAT,0.0
WHEN,WHEN,0.0
WHERE,WHERE,0.0
WHO,WHO,0.0
WHY,WHY,0.0
WINDOW,WINDOW,0.0
WIPE,WIPE,0.0
WOOF,WOOF,0.0
WORK (PLACE),WORK (PLACE),0.0
WRITE,WRITE,0.0
YELLOW,YELLOW,0.0
YES,YES,0.0
YOUR,YOUR,0.0
YUM,YUM,0.0
ZIP,ZIP,0.0
ZOO,ZOO,0.0
AEROPLANE,AEROPLANE,0.0
AGAIN,AGAIN,0.0
ALL,ALL,0.0
ALL GONE,ALL GONE,0.0
ANIMAL,ANIMAL,0.0
ANOTHER,ANOTHER,0.0
APPLE,APPLE,0.0
ARM,ARM,0.0
AUNT,AUNT,0.0
AWAY,AWAY,0.0
BAA BAA,BAA BAA,0.0
BABY,BABY,0.0
BABYSITTER,BABYSITTER,0.0
BACK (PLACE),BACK (PLACE),0.0
BAD,BAD,0.0
BALL,BALL,0.0
BALLOON,BALLOON,0.0
BANANA,BANANA,0.0
BASKET,BASKET,0.0
BEAR,BEAR,0.0
BEDROOM,BEDROOM,0.0
BEE,BEE,0.0
BELLY BUTTON,BELLY BUTTON,0.0
BIB,BIB,0.0
BIG,BIG,0.0
BIRD,BIRD,0.0
BISCUIT,BISCUIT,0.0
BITE,BITE,0.0
BLOCK,BLOCK,0.0
BLOW,BLOW,0.0
BLUE,BLUE,0.0
BOAT,BOAT,0.0
BOOK,BOOK,0.0
BOTTLE,BOTTLE,0.0
BOWL,BOWL,0.0
BOX,BOX,0.0
BOY,BOY,0.0
BREAD,BREAD,0.0
BREAK,BREAK,0.0
BREAKFAST,BREAKFAST,0.0
BROKEN,BROKEN,0.0
BROOM,BROOM,0.0
BROTHER,BROTHER,0.0
BRUSH (OBJECT),BRUSH (OBJECT),0.0
BUBBLES,BUBBLES,0.0
BUCKET,BUCKET,0.0
BUTTER,BUTTER,0.0
BUTTERFLY,BUTTERFLY,0.0
BUTTON,BUTTON,0.0
BYE BYE,BYE BYE,0.0
CAKE,CAKE,0.0
CALL,CALL,0.0
CAREFUL,CAREFUL,0.0
CARROTS,CARROTS,0.0
CARRY,CARRY,0.0
CAT,CAT,0.0
CATCH,CATCH,0.0
CEREAL,CEREAL,0.0
CHEEK,CHEEK,0.0
CHEESE,CHEESE,0.0
CHICKEN,CHICKEN,0.0
CHICKEN (ANIMAL),CHICKEN (ANIMAL),0.0
CHILD,CHILD,0.0
CHIPS,CHIPS,0.0
CHOO CHOO,CHOO CHOO,0.0
CLEAN (ACTION),CLEAN (ACTION),0.0
CLOCK,CLOCK,0.0
CLOSE,CLOSE,0.0
COAT,COAT,0.0
COCKADOODLEDOO,COCKADOODLEDOO,0.0
COFFEE,COFFEE,0.0
COMB (OBJECT),COMB (OBJECT),0.0
COOKER,COOKER,0.0
COT,COT,0.0
COW,COW,0.0
CRY,CRY,0.0
CUP,CUP,0.0
CUT,CUT,0.0
DADDY,DADDY,0.0
DARK,DARK,0.0
DAY,DAY,0.0
DEER,DEER,0.0
DINNER,DINNER,0.0
DISH,DISH,0.0
DOCTOR,DOCTOR,0.0
DOG,DOG,0.0
DOLL,DOLL,0.0
DON'T,DON'T,0.0
DONKEY,DONKEY,0.0
DOOR,DOOR,0.0
DOWN,DOWN,0.0
DRAW,DRAW,0.0
DRAWER,DRAWER,0.0
DRESS (OBJECT),DRESS (OBJECT),0.0
DRINK,DRINK,0.0
DRINK (ACTION),DRINK (ACTION),0.0
DROP,DROP,0.0
DRY (DESCRIPTION),DRY (DESCRIPTION),0.0
DUCK,DUCK,0.0
DUMMY,DUMMY,0.0
EAR,EAR,0.0
EAT,EAT,0.0
EGG,EGG,0.0
ELEPHANT,ELEPHANT,0.0
EMPTY,EMPTY,0.0
EYE,EYE,0.0
FACE,FACE,0.0
FEED,FEED,0.0
FIND,FIND,0.0
FINE,FINE,0.0
FINGER,FINGER,0.0
FINISH,FINISH,0.0
FIRE ENGINE,FIRE ENGINE,0.0
FISH,FISH,0.0
FISH (FOOD),FISH (FOOD),0.0
FLOWER,FLOWER,0.0
FOOD,FOOD,0.0
FORK,FORK,0.0
FRIDGE,FRIDGE,0.0
FRIEND,FRIEND,0.0
FROG,FROG,0.0
GENTLE,GENTLE,0.0
GET,GET,0.0
GIRAFFE,GIRAFFE,0.0
GIRL,GIRL,0.0
GIVE,GIVE,0.0
GLASS,GLASS,0.0
GLASSES,GLASSES,0.0
GOOD,GOOD,0.0
GOODNIGHT,GOODNIGHT,0.0
GOOSE,GOOSE,0.0
GRANDMA,GRANDMA,0.0
GRANDPA,GRANDPA,0.0
GREEN,GREEN,0.0
GRR,GRR,0.0
HAIR,HAIR,0.0
HAMMER,HAMMER,0.0
HAND,HAND,0.0
HAPPY,HAPPY,0.0
HARD,HARD,0.0
HAT,HAT,0.0
HAVE,HAVE,0.0
HEAD,HEAD,0.0
HEAR,HEAR,0.0
HELLO,HELLO,0.0
HI,HI,0.0
HIGH CHAIR,HIGH CHAIR,0.0
HIS,HIS,0.0
HIT,HIT,0.0
HOOVER,HOOVER,0.0
HOW,HOW,0.0
HUG,HUG,0.0
HUNGRY,HUNGRY,0.0
I,I,0.0
ICE CREAM,ICE CREAM,0.0
INSIDE,INSIDE,0.0
IT,IT,0.0
JACKET,JACKET,0.0
JAM,JAM,0.0
JUG,JUG,0.0
JUICE,JUICE,0.0
KEY,KEY,0.0
KISS,KISS,0.0
KITCHEN,KITCHEN,0.0
KITTEN,KITTEN,0.0
KNOW,KNOW,0.0
LADY,LADY,0.0
LAMB,LAMB,0.0
LAMP,LAMP,0.0
LATER,LATER,0.0
LIGHT (OBJECT),LIGHT (OBJECT),0.0
LIKE,LIKE,0.0
LION,LION,0.0
LITTLE (DESCRIPTION),LITTLE (DESCRIPTION),0.0
LOOK,LOOK,0.0
LOVE,LOVE,0.0
LUNCH,LUNCH,0.0
MAKE,MAKE,0.0
MAN,MAN,0.0
MEAT,MEAT,0.0
MEDICINE,MEDICINE,0.0
MEOW,MEOW,0.0
MILK,MILK,0.0
MINE,MINE,0.0
MONEY,MONEY,0.0
MONKEY,MONKEY,0.0
MOO,MOO,0.0
MOON,MOON,0.0
MORE,MORE,0.0
MORNING,MORNING,0.0
MOUSE,MOUSE,0.0
MOUTH,MOUTH,0.0
MUG,MUG,0.0
MUMMY,MUMMY,0.0
MY,MY,0.0
NAIL (BODY PART),NAIL (BODY PART),0.0
NAPPY,NAPPY,0.0
NASTY,NASTY,0.0
NAUGHTY,NAUGHTY,0.0
NECKLACE,NECKLACE,0.0
NICE,NICE,0.0
NIGHT,NIGHT,0.0
NO,NO,0.0
NONE,NONE,0.0
NOSE,NOSE,0.0
NOT,NOT,0.0
NOW,NOW,0.0
OFF,OFF,0.0
ON,ON,0.0
OPEN,OPEN,0.0
ORANGE (FOOD),ORANGE (FOOD),0.0
OTHER,OTHER,0.0
OUT,OUT,0.0
OWL,OWL,0.0
PAPER,PAPER,0.0
PASTA,PASTA,0.0
PATTYCAKE,PATTYCAKE,0.0
PEAS,PEAS,0.0
PEEKABOO,PEEKABOO,0.0
PEN,PEN,0.0
PENGUIN,PENGUIN,0.0
PENNY,PENNY,0.0
PHONE,PHONE,0.0
PICTURE,PICTURE,0.0
PIG,PIG,0.0
PILLOW,PILLOW,0.0
PIZZA,PIZZA,0.0
PLANT,PLANT,0.0
PLATE,PLATE,0.0
PLAY PEN,PLAY PEN,0.0
PLEASE,PLEASE,0.0
POLICE,POLICE,0.0
PONY,PONY,0.0
POTTY,POTTY,0.0
PRETTY,PRETTY,0.0
PULL,PULL,0.0
PURSE,PURSE,0.0
PUT,PUT,0.0
QUACK,QUACK,0.0
RABBIT,RABBIT,0.0
RADIO,RADIO,0.0
READ,READ,0.0
RED,RED,0.0
RUBBISH,RUBBISH,0.0
SAD,SAD,0.0
SAME,SAME,0.0
SAY,SAY,0.0
SCARED,SCARED,0.0
SCISSORS,SCISSORS,0.0
SCRATCH,SCRATCH,0.0
SEE,SEE,0.0
SHEEP,SHEEP,0.0
SHH,SHH,0.0
SHIRT,SHIRT,0.0
SHOW,SHOW,0.0
SICK,SICK,0.0
SING,SING,0.0
SINK,SINK,0.0
SISTER,SISTER,0.0
SKY,SKY,0.0
SLEEP,SLEEP,0.0
SLEEPY,SLEEPY,0.0
SLIDE (OBJECT),SLIDE (OBJECT),0.0
SMELL,SMELL,0.0
SMILE,SMILE,0.0
SOFT,SOFT,0.0
SOME,SOME,0.0
SPADE,SPADE,0.0
SPIDER,SPIDER,0.0
SPOON,SPOON,0.0
SQUIRREL,SQUIRREL,0.0
STAR,STAR,0.0
STONE,STONE,0.0
SWEETS,SWEETS,0.0
SWING (ACTION),SWING (ACTION),0.0
SWING (OBJECT),SWING (OBJECT),0.0
TABLE,TABLE,0.0
TAKE,TAKE,0.0
TEA,TEA,0.0
TEA (DRINK),TEA (DRINK),0.0
TEACHER,TEACHER,0.0
TEDDY,TEDDY,0.0
TELL,TELL,0.0
THANK YOU,THANK YOU,0.0
THAT,THAT,0.0
THERE,THERE,0.0
THIRSTY,THIRSTY,0.0
THIS,THIS,0.0
THROW,THROW,0.0
TIGER,TIGER,0.0
TOAST,TOAST,0.0
TODAY,TODAY,0.0
TOMORROW,TOMORROW,0.0
TONGUE,TONGUE,0.0
TONIGHT,TONIGHT,0.0
TOOTH,TOOTH,0.0
TOOTHBRUSH,TOOTHBRUSH,0.0
TOY (OBJECT),TOY (OBJECT),0.0
TRAIN,TRAIN,0.0
TREE,TREE,0.0
TUMMY,TUMMY,0.0
TURKEY,TURKEY,0.0
TURTLE,TURTLE,0.0
TV,TV,0.0
UHOH,UHOH,0.0
UNCLE,UNCLE,0.0
UNDER,UNDER,0.0
VROOM,VROOM,0.0
WALL,WALL,0.0
WANT TO,WANT TO,0.0
WASH,WASH,0.0
WATCH (ACTION),WATCH (ACTION),0.0
WATCH (OBJECT),WATCH (OBJECT),0.0
WATER (OUTSIDE),WATER (OUTSIDE),0.0
WHAT,WHAT,0.0
WHEN,WHEN,0.0
WHERE,WHERE,0.0
WHO,WHO,0.0
WHY,WHY,0.0
WINDOW,WINDOW,0.0
WIPE,WIPE,0.0
WOOF,WOOF,0.0
WORK (PLACE),WORK (PLACE),0.0
WRITE,WRITE,0.0
YELLOW,YELLOW,0.0
YES,YES,0.0
YOUR,YOUR,0.0
YUM,YUM,0.0
ZIP,ZIP,0.0
